Edit_Date	reverted_edits
2006-01-03	2
2006-01-12	4
2006-01-19	2
2007-04-12	1
2008-02-10	1
2008-05-20	1
2008-09-15	1
2009-03-16	1
2009-04-04	1
2009-04-18	1
2009-07-26	1
2009-08-05	1
2009-08-22	1
2009-10-03	5
2009-11-23	1
2010-02-27	2
2010-03-10	1
2010-03-23	1
2010-05-01	2
2010-06-11	1
2010-07-28	1
2010-07-30	1
2010-07-31	5
2010-08-21	1
2011-02-08	1
2011-07-02	1
2011-07-27	1
2011-08-17	1
2011-12-07	1
2011-12-18	1
2011-12-26	1
2012-01-23	1
2012-03-17	1
2012-03-31	1
2012-04-11	1
2012-04-21	6
2012-04-30	1
2012-05-24	1
2012-07-08	1
2012-07-11	1
2012-07-27	1
2012-10-20	1
2012-11-04	2
2013-02-14	4
2013-02-15	1
2013-03-11	1
2013-06-19	1
2013-10-29	1
2014-01-11	1
2014-02-26	1
2014-03-06	3
2014-04-01	1
2014-04-03	1
2014-04-14	2
2014-06-23	1
2014-08-31	1
2014-09-19	1
2014-11-11	1
2014-11-22	1
2014-12-27	5
2015-01-09	1
2015-04-09	2
2015-05-27	1
2015-05-28	1
2015-06-15	2
2015-08-22	1
2015-09-08	1
2015-09-10	1
2015-09-15	1
2015-09-16	2
2015-09-19	1
2015-10-05	1
2015-10-13	1
2015-10-16	4
2015-10-20	1
2015-11-18	3
2015-11-19	4
2015-11-20	3
2015-11-21	8
2015-11-22	1
2015-11-23	2
2015-11-25	1
2015-12-19	1
2016-01-14	3
2016-01-15	1
2016-01-16	6
2016-01-26	1
2016-02-02	1
2016-02-13	2
2016-02-20	6
2016-02-25	2
2016-03-10	3
2016-03-12	1
2016-03-26	1
2016-04-02	1
2016-05-06	2
2016-06-02	1
2016-06-20	6
2016-06-27	1
2016-07-03	3
2016-07-09	1
2016-08-09	1
2016-08-13	1
2016-08-20	1
2016-09-15	2
2016-09-16	1
2016-09-24	2
2016-10-18	1
2016-10-21	1
2016-11-01	1
2016-11-03	1
2016-11-05	1
2016-11-07	2
2016-11-09	1
2016-11-14	1
2016-11-22	1
2016-11-29	2
2016-12-08	3
2016-12-11	1
2016-12-22	1
2016-12-28	2
2017-01-01	3
2017-01-15	1
2017-01-21	4
2017-01-23	1
2017-01-24	1
2017-01-28	3
2017-01-29	3
2017-02-03	2
2017-02-04	2
2017-02-05	1
2017-02-08	1
2017-02-09	2
2017-02-10	2
2017-02-14	2
2017-02-15	3
2017-02-25	1
2017-02-26	1
2017-02-27	1
2017-03-01	445
2017-03-02	246
2017-03-03	88
2017-03-04	4
2017-03-06	1
2017-03-10	1
2017-03-12	2
2017-03-21	1
2017-03-24	1
2017-03-26	2
2017-03-31	1
2017-04-02	2
2017-04-08	2
2017-04-09	2
2017-04-10	1
2017-04-23	2
2017-04-27	1
2017-05-05	2
2017-05-06	2
2017-05-15	1
2017-05-20	1
2017-05-26	1
2017-06-03	1
2017-06-06	1
2017-06-17	1
2017-06-18	1
2017-06-20	1
2017-06-22	1
2017-06-26	1
2017-06-30	1
2017-07-02	3
2017-07-05	2
2017-07-11	2
2017-07-12	1
2017-08-02	2
2017-08-04	1
2017-08-07	1
2017-08-12	1
2017-08-13	2
2017-08-14	1
2017-08-15	1
2017-08-16	1
2017-08-22	3
2017-08-27	1
2017-08-28	1
2017-08-29	1
2017-08-30	1
2017-09-02	1
2017-09-03	3
2017-09-10	1
2017-09-11	1
2017-09-12	1
2017-09-18	2
2017-09-21	1
2017-09-22	1
2017-09-24	1
2017-09-25	1
2017-09-26	4
2017-09-27	1
2017-10-01	5
2017-10-06	2
2017-10-07	1
2017-10-09	1
2017-10-12	1
2017-10-13	1
2017-10-14	1
2017-10-17	4
2017-10-21	1
2017-10-23	2
2017-10-24	1
2017-10-29	1
2017-11-02	2
2017-11-03	1
2017-11-13	1
2017-11-18	2
2017-11-21	2
2017-11-24	3
2017-11-27	5
2017-11-29	1
2017-11-30	2
2017-12-01	4
2017-12-05	2
2017-12-08	21
2017-12-09	15
2017-12-10	183
2017-12-11	71
2017-12-12	80
2017-12-13	27
2017-12-14	17
2017-12-15	33
2017-12-16	53
2017-12-17	13
2017-12-18	7
2017-12-19	23
2017-12-20	71
2017-12-21	27
2017-12-22	89
2017-12-23	81
2017-12-24	33
2017-12-25	92
2017-12-26	47
2017-12-27	49
2017-12-28	41
2017-12-29	30
2017-12-30	44
2017-12-31	52
2018-01-01	10
2018-01-02	22
2018-01-03	86
2018-01-04	56
2018-01-05	36
2018-01-06	66
2018-01-07	52
2018-01-08	44
2018-01-09	55
2018-01-10	35
2018-01-11	40
2018-01-12	45
2018-01-13	46
2018-01-14	27
2018-01-15	33
2018-01-16	61
2018-01-17	61
2018-01-18	50
2018-01-19	51
2018-01-20	43
2018-01-21	62
2018-01-22	48
2018-01-23	32
2018-01-24	53
2018-01-25	41
2018-01-26	35
2018-01-27	61
2018-01-28	71
2018-01-29	42
2018-01-30	70
2018-01-31	39
2018-02-01	34
2018-02-02	48
2018-02-03	27
2018-02-04	51
2018-02-05	24
2018-02-06	60
2018-02-07	61
2018-02-08	38
2018-02-09	63
2018-02-10	56
2018-02-11	32
2018-02-12	22
2018-02-13	90
2018-02-14	37
2018-02-15	46
2018-02-16	43
2018-02-17	34
2018-02-18	59
2018-02-19	45
2018-02-20	46
2018-02-21	33
2018-02-22	80
2018-02-23	56
2018-02-24	51
2018-02-25	70
2018-02-26	56
2018-02-27	61
2018-02-28	22
2018-03-01	33
2018-03-02	37
2018-03-03	60
2018-03-04	46
2018-03-05	39
2018-03-06	43
2018-03-07	25
2018-03-08	43
2018-03-09	57
2018-03-10	48
2018-03-11	43
2018-03-12	44
2018-03-13	44
2018-03-14	45
2018-03-15	41
2018-03-16	70
2018-03-17	40
2018-03-18	44
2018-03-19	56
2018-03-20	48
2018-03-21	73
2018-03-22	65
2018-03-23	37
2018-03-24	49
2018-03-25	74
2018-03-26	42
2018-03-27	53
2018-03-28	53
2018-03-29	49
2018-03-30	53
2018-03-31	66
2018-04-01	51
2018-04-02	47
2018-04-03	39
2018-04-04	58
2018-04-05	39
2018-04-06	62
2018-04-07	30
2018-04-08	72
2018-04-09	41
2018-04-10	40
2018-04-11	79
2018-04-12	39
2018-04-13	30
2018-04-14	74
2018-04-15	80
2018-04-16	27
2018-04-17	38
2018-04-18	33
2018-04-19	63
2018-04-20	50
2018-04-21	53
2018-04-22	65
2018-04-23	52
2018-04-24	43
2018-04-25	34
2018-04-26	33
2018-04-27	65
2018-04-28	37
2018-04-29	65
2018-04-30	41
2018-05-01	35
2018-05-02	45
2018-05-03	52
2018-05-04	43
2018-05-05	23
2018-05-06	76
2018-05-07	62
2018-05-08	29
2018-05-09	28
2018-05-10	38
2018-05-11	64
2018-05-12	32
2018-05-13	58
2018-05-14	93
2018-05-15	59
2018-05-16	39
2018-05-17	83
2018-05-18	49
2018-05-19	57
2018-05-20	49
2018-05-21	59
2018-05-22	91
2018-05-23	58
2018-05-24	53
2018-05-25	43
2018-05-26	80
2018-05-27	49
2018-05-28	59
2018-05-29	56
2018-05-30	59
2018-05-31	45
2018-06-01	31
2018-06-02	53
2018-06-03	54
2018-06-04	35
2018-06-05	53
2018-06-06	52
2018-06-07	48
2018-06-08	55
2018-06-09	41
2018-06-10	49
2018-06-11	73
2018-06-12	66
2018-06-13	43
2018-06-14	37
2018-06-15	53
2018-06-16	62
2018-06-17	35
2018-06-18	52
2018-06-19	56
2018-06-20	36
2018-06-21	50
2018-06-22	76
2018-06-23	33
2018-06-24	59
2018-06-25	44
2018-06-26	71
2018-06-27	51
2018-06-28	31
2018-06-29	58
2018-06-30	32
2018-07-01	57
2018-07-02	63
2018-07-03	106
2018-07-04	64
2018-07-05	49
2018-07-06	68
2018-07-07	70
2018-07-08	51
2018-07-09	67
2018-07-10	75
2018-07-11	62
2018-07-12	73
2018-07-13	50
2018-07-14	71
2018-07-15	85
2018-07-16	30
2018-07-17	48
2018-07-18	49
2018-07-19	72
2018-07-20	65
2018-07-21	54
2018-07-22	58
2018-07-23	48
2018-07-24	54
2018-07-25	36
2018-07-26	35
2018-07-27	44
2018-07-28	65
2018-07-29	52
2018-07-30	42
2018-07-31	39
2018-08-01	41
2018-08-02	92
2018-08-03	67
2018-08-04	69
2018-08-05	56
2018-08-06	71
2018-08-07	81
2018-08-08	79
2018-08-09	62
2018-08-10	54
2018-08-11	30
2018-08-12	42
2018-08-13	55
2018-08-14	69
2018-08-15	64
2018-08-16	42
2018-08-17	108
2018-08-18	64
2018-08-19	60
2018-08-20	49
2018-08-21	58
2018-08-22	50
2018-08-23	55
2018-08-24	36
2018-08-25	34
2018-08-26	40
2018-08-27	66
2018-08-28	92
2018-08-29	68
2018-08-30	60
2018-08-31	70
2018-09-01	57
2018-09-02	48
2018-09-03	33
2018-09-04	52
2018-09-05	72
2018-09-06	57
2018-09-07	95
2018-09-08	66
2018-09-09	240
2018-09-10	66
2018-09-11	67
2018-09-12	65
2018-09-13	86
2018-09-14	178
2018-09-15	112
2018-09-16	70
2018-09-17	94
2018-09-18	80
2018-09-19	52
2018-09-20	211
2018-09-21	189
2018-09-22	128
2018-09-23	92
2018-09-24	65
2018-09-25	62
2018-09-26	57
2018-09-27	74
2018-09-28	113
2018-09-29	89
2018-09-30	110
2018-10-01	70
2018-10-02	106
2018-10-03	68
2018-10-04	75
2018-10-05	79
2018-10-06	55
2018-10-07	65
2018-10-08	87
2018-10-09	66
2018-10-10	82
2018-10-11	79
2018-10-12	47
2018-10-13	63
2018-10-14	85
2018-10-15	69
2018-10-16	52
2018-10-17	108
2018-10-18	34
2018-10-19	62
2018-10-20	74
2018-10-21	137
2018-10-22	76
2018-10-23	45
2018-10-24	81
2018-10-25	113
2018-10-26	83
2018-10-27	92
2018-10-28	117
2018-10-29	368
2018-10-30	101
2018-10-31	180
2018-11-01	250
2018-11-02	105
2018-11-03	85
2018-11-04	105
2018-11-05	124
2018-11-06	137
2018-11-07	73
2018-11-08	84
2018-11-09	51
2018-11-10	76
2018-11-11	33
2018-11-12	41
2018-11-13	56
2018-11-14	41
2018-11-15	183
2018-11-16	216
2018-11-17	174
2018-11-18	99
2018-11-19	128
2018-11-20	81
2018-11-21	138
2018-11-22	79
2018-11-23	77
2018-11-24	171
2018-11-25	80
2018-11-26	146
2018-11-27	67
2018-11-28	116
2018-11-29	91
2018-11-30	155
2018-12-01	78
2018-12-02	19
2018-12-03	89
2018-12-04	36
2018-12-05	103
2018-12-06	62
2018-12-07	27
2018-12-08	74
2018-12-09	47
2018-12-10	37
2018-12-11	77
2018-12-12	54
2018-12-13	59
2018-12-14	63
2018-12-15	54
2018-12-16	60
2018-12-17	30
2018-12-18	74
2018-12-19	67
2018-12-20	51
2018-12-21	41
2018-12-22	41
2018-12-23	24
2018-12-24	66
2018-12-25	65
2018-12-26	82
2018-12-27	54
2018-12-28	29
2018-12-29	78
2018-12-30	121
2018-12-31	112
2019-01-01	38
2019-01-02	46
2019-01-03	50
2019-01-04	59
2019-01-05	41
2019-01-06	56
2019-01-07	74
2019-01-08	54
2019-01-09	58
2019-01-10	64
2019-01-11	82
2019-01-12	63
2019-01-13	39
2019-01-14	60
2019-01-15	67
2019-01-16	54
2019-01-17	56
2019-01-18	21
2019-01-19	82
2019-01-20	22
2019-01-21	29
2019-01-22	45
2019-01-23	37
2019-01-24	44
2019-01-25	42
2019-01-26	39
2019-01-27	70
2019-01-28	79
2019-01-29	62
2019-01-30	69
2019-01-31	46
2019-02-01	31
2019-02-02	66
2019-02-03	34
2019-02-04	16
2019-02-05	52
2019-02-06	38
2019-02-07	51
2019-02-08	49
2019-02-09	28
2019-02-10	32
2019-02-11	44
2019-02-12	58
2019-02-13	43
2019-02-14	62
2019-02-15	38
2019-02-16	37
2019-02-17	72
2019-02-18	32
2019-02-19	25
2019-02-20	49
2019-02-21	107
2019-02-22	54
2019-02-23	35
2019-02-24	73
2019-02-25	30
2019-02-26	54
2019-02-27	37
2019-02-28	36
2019-03-01	46
2019-03-02	29
2019-03-03	55
2019-03-04	50
2019-03-05	87
2019-03-06	39
2019-03-07	53
2019-03-08	60
2019-03-09	59
2019-03-10	79
2019-03-11	112
2019-03-12	83
2019-03-13	54
2019-03-14	71
2019-03-15	81
2019-03-16	31
2019-03-17	47
2019-03-18	65
2019-03-19	38
2019-03-20	69
2019-03-21	34
2019-03-22	42
2019-03-23	32
2019-03-24	72
2019-03-25	40
2019-03-26	60
2019-03-27	41
2019-03-28	52
2019-03-29	38
2019-03-30	26
2019-03-31	11
2019-04-01	42
2019-04-02	35
2019-04-03	29
2019-04-04	26
2019-04-05	25
2019-04-06	20
2019-04-07	28
2019-04-08	48
2019-04-09	42
2019-04-10	28
2019-04-11	38
2019-04-12	30
2019-04-13	53
2019-04-14	39
2019-04-15	44
2019-04-16	28
2019-04-17	33
2019-04-18	38
2019-04-19	120
2019-04-20	45
2019-04-21	36
2019-04-22	45
2019-04-23	47
2019-04-24	19
2019-04-25	58
2019-04-26	31
2019-04-27	24
2019-04-28	36
2019-04-29	35
2019-04-30	38
2019-05-01	38
2019-05-02	25
2019-05-03	24
2019-05-04	73
2019-05-05	22
2019-05-06	23
2019-05-07	47
2019-05-08	47
2019-05-09	27
2019-05-10	63
2019-05-11	36
2019-05-12	33
2019-05-13	70
2019-05-14	191
2019-05-15	133
2019-05-16	52
2019-05-17	65
2019-05-18	54
2019-05-19	35
2019-05-20	52
2019-05-21	49
2019-05-22	53
2019-05-23	61
2019-05-24	64
2019-05-25	172
2019-05-26	233
2019-05-27	70
2019-05-28	98
2019-05-29	266
2019-05-30	66
2019-05-31	144
2019-06-01	54
2019-06-02	87
2019-06-03	37
2019-06-04	27
2019-06-05	86
2019-06-06	49
2019-06-07	28
2019-06-08	23
2019-06-09	47
2019-06-10	39
2019-06-11	78
2019-06-12	69
2019-06-13	76
2019-06-14	49
2019-06-15	58
2019-06-16	71
2019-06-17	41
2019-06-18	44
2019-06-19	48
2019-06-20	66
2019-06-21	87
2019-06-22	62
2019-06-23	62
2019-06-24	44
2019-06-25	78
2019-06-26	70
2019-06-27	52
2019-06-28	89
2019-06-29	41
2019-06-30	41
2019-07-01	37
2019-07-02	53
2019-07-03	76
2019-07-04	45
2019-07-05	71
2019-07-06	67
2019-07-07	87
2019-07-08	74
2019-07-09	93
2019-07-10	93
2019-07-11	75
2019-07-12	96
2019-07-13	71
2019-07-14	62
2019-07-15	104
2019-07-16	112
2019-07-17	104
2019-07-18	63
2019-07-19	96
2019-07-20	40
2019-07-21	81
2019-07-22	89
2019-07-23	85
2019-07-24	79
2019-07-25	78
2019-07-26	42
2019-07-27	108
2019-07-28	29
2019-07-29	69
2019-07-30	94
2019-07-31	67
2019-08-01	120
2019-08-02	52
2019-08-03	109
2019-08-04	53
2019-08-05	47
2019-08-06	51
2019-08-07	73
2019-08-08	69
2019-08-09	82
2019-08-10	118
2019-08-11	34
2019-08-12	92
2019-08-13	54
2019-08-14	112
2019-08-15	32
2019-08-16	85
2019-08-17	50
2019-08-18	100
2019-08-19	55
2019-08-20	80
2019-08-21	91
2019-08-22	174
2019-08-23	87
2019-08-24	132
2019-08-25	58
2019-08-26	101
2019-08-27	88
2019-08-28	126
2019-08-29	62
2019-08-30	97
2019-08-31	68
2019-09-01	54
2019-09-02	92
2019-09-03	95
2019-09-04	137
2019-09-05	62
2019-09-06	103
2019-09-07	98
2019-09-08	123
2019-09-09	76
2019-09-10	43
2019-09-11	69
2019-09-12	81
2019-09-13	92
2019-09-14	78
2019-09-15	56
2019-09-16	84
2019-09-17	79
2019-09-18	33
2019-09-19	50
2019-09-20	107
2019-09-21	35
2019-09-22	82
2019-09-23	71
2019-09-24	69
2019-09-25	59
2019-09-26	62
2019-09-27	60
2019-09-28	49
2019-09-29	73
2019-09-30	71
2019-10-01	98
2019-10-02	48
2019-10-03	56
2019-10-04	55
2019-10-05	78
2019-10-06	75
2019-10-07	63
2019-10-08	50
2019-10-09	52
2019-10-10	220
2019-10-11	47
2019-10-12	61
2019-10-13	59
2019-10-14	71
2019-10-15	52
2019-10-16	72
2019-10-17	74
2019-10-18	62
2019-10-19	63
2019-10-20	47
2019-10-21	66
2019-10-22	69
2019-10-23	45
2019-10-24	39
2019-10-25	38
2019-10-26	57
2019-10-27	27
2019-10-28	55
2019-10-29	49
2019-10-30	87
2019-10-31	73
2019-11-01	64
2019-11-02	72
2019-11-03	43
2019-11-04	101
2019-11-05	45
2019-11-06	54
2019-11-07	67
2019-11-08	43
2019-11-09	39
2019-11-10	56
2019-11-11	49
2019-11-12	36
2019-11-13	64
2019-11-14	70
2019-11-15	70
2019-11-16	48
2019-11-17	63
2019-11-18	44
2019-11-19	58
2019-11-20	47
2019-11-21	64
2019-11-22	41
2019-11-23	29
2019-11-24	49
2019-11-25	40
2019-11-26	32
2019-11-27	39
2019-11-28	54
2019-11-29	67
2019-11-30	55
2019-12-01	42
2019-12-02	57
2019-12-03	122
2019-12-04	71
2019-12-05	134
2019-12-06	39
2019-12-07	46
2019-12-08	77
2019-12-09	43
2019-12-10	34
2019-12-11	24
2019-12-12	51
2019-12-13	44
2019-12-14	40
2019-12-15	19
2019-12-16	47
2019-12-17	39
2019-12-18	62
2019-12-19	83
2019-12-20	52
2019-12-21	56
2019-12-22	96
2019-12-23	57
2019-12-24	52
2019-12-25	85
2019-12-26	47
2019-12-27	50
2019-12-28	43
2019-12-29	72
2019-12-30	38
2019-12-31	74
2020-01-01	35
2020-01-02	78
2020-01-03	28
2020-01-04	63
2020-01-05	63
2020-01-06	62
2020-01-07	184
2020-01-08	67
2020-01-09	237
2020-01-10	86
2020-01-11	51
2020-01-12	201
2020-01-13	26
2020-01-14	38
2020-01-15	115
2020-01-16	37
2020-01-17	64
2020-01-18	68
2020-01-19	68
2020-01-20	70
2020-01-21	82
2020-01-22	73
2020-01-23	45
2020-01-24	108
2020-01-25	50
2020-01-26	114
2020-01-27	337
2020-01-28	67
2020-01-29	127
2020-01-30	64
2020-01-31	75
2020-02-01	42
2020-02-02	135
2020-02-03	52
2020-02-04	56
2020-02-05	42
2020-02-06	47
2020-02-07	29
2020-02-08	109
2020-02-09	52
2020-02-10	31
2020-02-11	52
2020-02-12	31
2020-02-13	60
2020-02-14	75
2020-02-15	47
2020-02-16	31
2020-02-17	44
2020-02-18	26
2020-02-19	21
2020-02-20	21
2020-02-21	63
2020-02-22	35
2020-02-23	39
2020-02-24	51
2020-02-25	22
2020-02-26	32
2020-02-27	36
2020-02-28	32
2020-02-29	67
2020-03-01	38
2020-03-02	116
2020-03-03	97
2020-03-04	107
2020-03-05	77
2020-03-06	64
2020-03-07	34
2020-03-08	43
2020-03-09	42
2020-03-10	64
2020-03-11	41
2020-03-12	44
2020-03-13	98
2020-03-14	57
2020-03-15	44
2020-03-16	104
2020-03-17	56
2020-03-18	74
2020-03-19	101
2020-03-20	50
2020-03-21	53
2020-03-22	95
2020-03-23	57
2020-03-24	111
2020-03-25	109
2020-03-26	85
2020-03-27	112
2020-03-28	125
2020-03-29	143
2020-03-30	96
2020-03-31	77
2020-04-01	60
2020-04-02	126
2020-04-03	84
2020-04-04	67
2020-04-05	70
2020-04-06	148
2020-04-07	96
2020-04-08	150
2020-04-09	67
2020-04-10	121
2020-04-11	143
2020-04-12	132
2020-04-13	103
2020-04-14	116
2020-04-15	113
2020-04-16	96
2020-04-17	64
2020-04-18	120
2020-04-19	108
2020-04-20	112
2020-04-21	104
2020-04-22	147
2020-04-23	64
2020-04-24	116
2020-04-25	96
2020-04-26	139
2020-04-27	128
2020-04-28	193
2020-04-29	118
2020-04-30	112
2020-05-01	103
2020-05-02	115
2020-05-03	137
2020-05-04	115
2020-05-05	109
2020-05-06	94
2020-05-07	116
2020-05-08	74
2020-05-09	115
2020-05-10	208
2020-05-11	165
2020-05-12	117
2020-05-13	154
2020-05-14	163
2020-05-15	110
2020-05-16	120
2020-05-17	147
2020-05-18	177
2020-05-19	122
2020-05-20	57
2020-05-21	107
2020-05-22	145
2020-05-23	123
2020-05-24	195
2020-05-25	131
2020-05-26	169
2020-05-27	184
2020-05-28	156
2020-05-29	111
2020-05-30	103
2020-05-31	130
2020-06-01	96
2020-06-02	94
2020-06-03	124
2020-06-04	107
2020-06-05	117
2020-06-06	102
2020-06-07	83
2020-06-08	125
2020-06-09	98
2020-06-10	104
2020-06-11	95
2020-06-12	135
2020-06-13	98
2020-06-14	71
2020-06-15	129
2020-06-16	89
2020-06-17	65
2020-06-18	67
2020-06-19	51
2020-06-20	57
2020-06-21	81
2020-06-22	76
2020-06-23	37
2020-06-24	68
2020-06-25	67
2020-06-26	96
2020-06-27	89
2020-06-28	58
2020-06-29	35
2020-06-30	72
2020-07-01	97
2020-07-02	62
2020-07-03	52
2020-07-04	53
2020-07-05	81
2020-07-06	65
2020-07-07	60
2020-07-08	78
2020-07-09	128
2020-07-10	96
2020-07-11	51
2020-07-12	68
2020-07-13	75
2020-07-14	72
2020-07-15	46
2020-07-16	100
2020-07-17	54
2020-07-18	68
2020-07-19	72
2020-07-20	95
2020-07-21	102
2020-07-22	148
2020-07-23	191
2020-07-24	135
2020-07-25	152
2020-07-26	166
2020-07-27	139
2020-07-28	155
2020-07-29	131
2020-07-30	131
2020-07-31	166
2020-08-01	129
2020-08-02	94
2020-08-03	355
2020-08-04	112
2020-08-05	282
2020-08-06	114
2020-08-07	86
2020-08-08	128
2020-08-09	308
2020-08-10	207
2020-08-11	153
2020-08-12	81
2020-08-13	158
2020-08-14	108
2020-08-15	147
2020-08-16	254
2020-08-17	226
2020-08-18	145
2020-08-19	155
2020-08-20	169
2020-08-21	116
2020-08-22	328
2020-08-23	166
2020-08-24	166
2020-08-25	129
2020-08-26	150
2020-08-27	150
2020-08-28	131
2020-08-29	246
2020-08-30	150
2020-08-31	157
2020-09-01	187
2020-09-02	130
2020-09-03	135
2020-09-04	115
2020-09-05	96
2020-09-06	237
2020-09-07	147
2020-09-08	137
2020-09-09	178
2020-09-10	109
2020-09-11	180
2020-09-12	120
2020-09-13	196
2020-09-14	154
2020-09-15	163
2020-09-16	253
2020-09-17	327
2020-09-18	282
2020-09-19	390
2020-09-20	210
2020-09-21	246
2020-09-22	163
2020-09-23	327
2020-09-24	303
2020-09-25	233
2020-09-26	221
2020-09-27	134
2020-09-28	214
2020-09-29	194
2020-09-30	264
2020-10-01	192
2020-10-02	276
2020-10-03	180
2020-10-04	163
2020-10-05	313
2020-10-06	202
2020-10-07	108
2020-10-08	235
2020-10-09	131
2020-10-10	275
2020-10-11	173
2020-10-12	95
2020-10-13	263
2020-10-14	332
2020-10-15	326
2020-10-16	245
2020-10-17	288
2020-10-18	127
2020-10-19	213
2020-10-20	131
2020-10-21	207
2020-10-22	191
2020-10-23	320
2020-10-24	198
2020-10-25	229
2020-10-26	263
2020-10-27	343
2020-10-28	153
2020-10-29	174
2020-10-30	321
2020-10-31	338
2020-11-01	299
2020-11-02	330
2020-11-03	284
2020-11-04	250
2020-11-05	252
2020-11-06	232
2020-11-07	295
2020-11-08	282
2020-11-09	265
2020-11-10	301
2020-11-11	273
2020-11-12	191
2020-11-13	233
2020-11-14	194
2020-11-15	187
2020-11-16	316
2020-11-17	247
2020-11-18	242
2020-11-19	260
2020-11-20	307
2020-11-21	290
2020-11-22	222
2020-11-23	242
2020-11-24	234
2020-11-25	222
2020-11-26	205
2020-11-27	251
2020-11-28	247
2020-11-29	256
2020-11-30	290
2020-12-01	268
2020-12-02	205
2020-12-03	403
2020-12-04	248
2020-12-05	297
2020-12-06	283
2020-12-07	293
2020-12-08	179
2020-12-09	244
2020-12-10	194
2020-12-11	241
2020-12-12	276
2020-12-13	263
2020-12-14	289
2020-12-15	233
2020-12-16	274
2020-12-17	340
2020-12-18	377
2020-12-19	271
2020-12-20	411
2020-12-21	394
2020-12-22	369
2020-12-23	387
2020-12-24	315
2020-12-25	434
2020-12-26	399
2020-12-27	391
2020-12-28	382
2020-12-29	354
2020-12-30	314
2020-12-31	261
2021-01-01	281
2021-01-02	328
2021-01-03	406
2021-01-04	374
2021-01-05	311
2021-01-06	364
2021-01-07	297
2021-01-08	393
2021-01-09	364
2021-01-10	350
2021-01-11	290
2021-01-12	284
2021-01-13	327
2021-01-14	214
2021-01-15	287
2021-01-16	333
2021-01-17	328
2021-01-18	327
2021-01-19	357
2021-01-20	376
2021-01-21	358
2021-01-22	292
2021-01-23	237
2021-01-24	341
2021-01-25	285
2021-01-26	225
2021-01-27	286
2021-01-28	284
2021-01-29	302
2021-01-30	266
2021-01-31	269
2021-02-01	332
2021-02-02	265
2021-02-03	249
2021-02-04	206
2021-02-05	360
2021-02-06	326
2021-02-07	262
2021-02-08	277
2021-02-09	241
2021-02-10	139
2021-02-11	250
2021-02-12	336
2021-02-13	387
2021-02-14	329
2021-02-15	250
2021-02-16	259
2021-02-17	270
2021-02-18	462
2021-02-19	373
2021-02-20	386
2021-02-21	349
2021-02-22	259
2021-02-23	347
2021-02-24	289
2021-02-25	327
2021-02-26	227
2021-02-27	330
2021-02-28	289
2021-03-01	336
2021-03-02	292
2021-03-03	261
2021-03-04	299
2021-03-05	280
2021-03-06	276
2021-03-07	330
2021-03-08	281
2021-03-09	398
2021-03-10	274
2021-03-11	338
2021-03-12	334
2021-03-13	341
2021-03-14	253
2021-03-15	267
2021-03-16	428
2021-03-17	372
2021-03-18	160
2021-03-19	260
2021-03-20	314
2021-03-21	156
2021-03-22	294
2021-03-23	184
2021-03-24	241
2021-03-25	376
2021-03-26	235
2021-03-27	218
2021-03-28	189
2021-03-29	225
2021-03-30	271
2021-03-31	186
2021-04-01	174
2021-04-02	187
2021-04-03	154
2021-04-04	158
2021-04-05	173
2021-04-06	126
2021-04-07	188
2021-04-08	113
2021-04-09	101
2021-04-10	86
2021-04-11	142
2021-04-12	116
2021-04-13	93
2021-04-14	159
2021-04-15	118
2021-04-16	73
2021-04-17	89
2021-04-18	141
2021-04-19	132
2021-04-20	91
2021-04-21	177
2021-04-22	111
2021-04-23	169
2021-04-24	198
2021-04-25	183
2021-04-26	132
2021-04-27	162
2021-04-28	133
2021-04-29	91
2021-04-30	128
2021-05-01	83
2021-05-02	100
2021-05-03	88
2021-05-04	110
2021-05-05	201
2021-05-06	206
2021-05-07	162
2021-05-08	194
2021-05-09	257
2021-05-10	209
2021-05-11	84
2021-05-12	188
2021-05-13	89
2021-05-14	309
2021-05-15	192
2021-05-16	145
2021-05-17	305
2021-05-18	206
2021-05-19	206
2021-05-20	147
2021-05-21	143
2021-05-22	165
2021-05-23	287
2021-05-24	153
2021-05-25	144
2021-05-26	256
2021-05-27	390
2021-05-28	300
2021-05-29	263
2021-05-30	188
2021-05-31	301
2021-06-01	119
2021-06-02	183
2021-06-03	219
2021-06-04	122
2021-06-05	152
2021-06-06	110
2021-06-07	179
2021-06-08	125
2021-06-09	130
2021-06-10	322
2021-06-11	226
2021-06-12	307
2021-06-13	259
2021-06-14	221
2021-06-15	244
2021-06-16	213
2021-06-17	77
2021-06-18	260
2021-06-19	351
2021-06-20	161
2021-06-21	231
2021-06-22	288
2021-06-23	203
2021-06-24	189
2021-06-25	255
2021-06-26	158
2021-06-27	114
2021-06-28	264
2021-06-29	337
2021-06-30	192
2021-07-01	142
2021-07-02	168
2021-07-03	186
2021-07-04	308
2021-07-05	340
2021-07-06	360
2021-07-07	278
2021-07-08	290
2021-07-09	414
2021-07-10	201
2021-07-11	355
2021-07-12	358
2021-07-13	401
2021-07-14	331
2021-07-15	282
2021-07-16	373
2021-07-17	348
2021-07-18	419
2021-07-19	353
2021-07-20	341
2021-07-21	440
2021-07-22	327
2021-07-23	367
2021-07-24	299
2021-07-25	414
2021-07-26	259
2021-07-27	270
2021-07-28	221
2021-07-29	418
2021-07-30	275
2021-07-31	413
2021-08-01	330
2021-08-02	216
2021-08-03	354
2021-08-04	335
2021-08-05	264
2021-08-06	464
2021-08-07	274
2021-08-08	411
2021-08-09	334
2021-08-10	276
2021-08-11	432
2021-08-12	368
2021-08-13	381
2021-08-14	229
2021-08-15	492
2021-08-16	208
2021-08-17	244
2021-08-18	378
2021-08-19	324
2021-08-20	395
2021-08-21	144
2021-08-22	157
2021-08-23	337
2021-08-24	185
2021-08-25	576
2021-08-26	240
2021-08-27	327
2021-08-28	175
2021-08-29	326
2021-08-30	194
2021-08-31	225
2021-09-01	127
2021-09-02	387
2021-09-03	409
2021-09-04	280
2021-09-05	274
2021-09-06	207
2021-09-07	251
2021-09-08	162
2021-09-09	327
2021-09-10	187
2021-09-11	231
2021-09-12	168
2021-09-13	144
2021-09-14	396
2021-09-15	310
2021-09-16	283
2021-09-17	231
2021-09-18	259
2021-09-19	284
2021-09-20	215
2021-09-21	226
2021-09-22	229
2021-09-23	237
2021-09-24	228
2021-09-25	400
2021-09-26	343
2021-09-27	314
2021-09-28	371
2021-09-29	343
2021-09-30	394
2021-10-01	387
2021-10-02	493
2021-10-03	335
2021-10-04	289
2021-10-05	253
2021-10-06	326
2021-10-07	319
2021-10-08	207
2021-10-09	210
2021-10-10	285
2021-10-11	178
2021-10-12	253
2021-10-13	182
2021-10-14	246
2021-10-15	296
2021-10-16	294
2021-10-17	336
2021-10-18	294
2021-10-19	443
2021-10-20	319
2021-10-21	379
2021-10-22	490
2021-10-23	301
2021-10-24	297
2021-10-25	212
2021-10-26	254
2021-10-27	311
2021-10-28	239
2021-10-29	240
2021-10-30	641
2021-10-31	399
2021-11-01	241
2021-11-02	258
2021-11-03	467
2021-11-04	194
2021-11-05	195
2021-11-06	201
2021-11-07	280
2021-11-08	275
2021-11-09	286
2021-11-10	284
2021-11-11	343
2021-11-12	342
2021-11-13	244
2021-11-14	435
2021-11-15	279
2021-11-16	287
2021-11-17	320
2021-11-18	290
2021-11-19	498
2021-11-20	231
2021-11-21	355
2021-11-22	253
2021-11-23	466
2021-11-24	279
2021-11-25	342
2021-11-26	352
2021-11-27	214
2021-11-28	136
2021-11-29	191
2021-11-30	153
2021-12-01	222
2021-12-02	197
2021-12-03	278
2021-12-04	226
2021-12-05	216
2021-12-06	187
2021-12-07	219
2021-12-08	205
2021-12-09	218
2021-12-10	150
2021-12-11	208
2021-12-12	260
2021-12-13	160
2021-12-14	238
2021-12-15	248
2021-12-16	210
2021-12-17	193
2021-12-18	217
2021-12-19	180
2021-12-20	200
2021-12-21	212
2021-12-22	378
2021-12-23	377
2021-12-24	315
2021-12-25	733
2021-12-26	325
2021-12-27	171
2021-12-28	160
2021-12-29	184
2021-12-30	139
2021-12-31	116
2022-01-01	95
2022-01-02	208
2022-01-03	205
2022-01-04	281
2022-01-05	166
2022-01-06	125
2022-01-07	122
2022-01-08	121
2022-01-09	159
2022-01-10	158
2022-01-11	114
2022-01-12	185
2022-01-13	155
2022-01-14	163
2022-01-15	149
2022-01-16	147
2022-01-17	147
2022-01-18	97
2022-01-19	73
2022-01-20	214
2022-01-21	223
2022-01-22	125
2022-01-23	159
2022-01-24	131
2022-01-25	134
2022-01-26	187
2022-01-27	122
2022-01-28	121
2022-01-29	176
2022-01-30	164
2022-01-31	125
2022-02-01	135
2022-02-02	112
2022-02-03	186
2022-02-04	135
2022-02-05	92
2022-02-06	167
2022-02-07	146
2022-02-08	243
2022-02-09	118
2022-02-10	134
2022-02-11	164
2022-02-12	135
2022-02-13	165
2022-02-14	69
2022-02-15	149
2022-02-16	141
2022-02-17	71
2022-02-18	134
2022-02-19	199
2022-02-20	89
2022-02-21	106
2022-02-22	141
2022-02-23	93
2022-02-24	74
2022-02-25	113
2022-02-26	137
2022-02-27	107
2022-02-28	117
2022-03-01	198
2022-03-02	168
2022-03-03	139
2022-03-04	141
2022-03-05	86
2022-03-06	100
2022-03-07	163
2022-03-08	142
2022-03-09	96
2022-03-10	82
2022-03-11	58
2022-03-12	100
2022-03-13	106
2022-03-14	83
2022-03-15	103
2022-03-16	122
2022-03-17	177
2022-03-18	89
2022-03-19	132
2022-03-20	151
2022-03-21	229
2022-03-22	212
2022-03-23	195
2022-03-24	179
2022-03-25	143
2022-03-26	163
2022-03-27	137
2022-03-28	198
2022-03-29	192
2022-03-30	175
2022-03-31	200
2022-04-01	196
2022-04-02	226
2022-04-03	293
2022-04-04	192
2022-04-05	269
2022-04-06	213
2022-04-07	217
2022-04-08	283
2022-04-09	253
2022-04-10	230
2022-04-11	209
2022-04-12	256
2022-04-13	195
2022-04-14	358
2022-04-15	223
2022-04-16	206
2022-04-17	327
2022-04-18	158
2022-04-19	220
2022-04-20	209
2022-04-21	224
2022-04-22	207
2022-04-23	252
2022-04-24	250
2022-04-25	182
2022-04-26	242
2022-04-27	162
2022-04-28	227
2022-04-29	253
2022-04-30	222
2022-05-01	182
2022-05-02	281
2022-05-03	331
2022-05-04	211
2022-05-05	232
2022-05-06	274
2022-05-07	184
2022-05-08	327
2022-05-09	350
2022-05-10	543
2022-05-11	289
2022-05-12	300
2022-05-13	215
2022-05-14	188
2022-05-15	325
2022-05-16	356
2022-05-17	265
2022-05-18	306
2022-05-19	351
2022-05-20	286
2022-05-21	323
2022-05-22	174
2022-05-23	183
2022-05-24	126
2022-05-25	422
2022-05-26	123
2022-05-27	347
2022-05-28	240
2022-05-29	229
2022-05-30	183
2022-05-31	225
2022-06-01	152
2022-06-02	224
2022-06-03	249
2022-06-04	242
2022-06-05	196
2022-06-06	221
2022-06-07	226
2022-06-08	229
2022-06-09	310
2022-06-10	193
2022-06-11	200
2022-06-12	142
2022-06-13	89
2022-06-14	222
2022-06-15	241
2022-06-16	237
2022-06-17	233
2022-06-18	144
2022-06-19	201
2022-06-20	104
2022-06-21	149
2022-06-22	244
2022-06-23	232
2022-06-24	173
2022-06-25	210
2022-06-26	146
2022-06-27	248
2022-06-28	118
2022-06-29	112
2022-06-30	179
2022-07-01	140
2022-07-02	148
2022-07-03	182
2022-07-04	265
2022-07-05	259
2022-07-06	206
2022-07-07	129
2022-07-08	92
2022-07-09	112
2022-07-10	186
2022-07-11	114
2022-07-12	123
2022-07-13	152
2022-07-14	145
2022-07-15	98
2022-07-16	81
2022-07-17	125
2022-07-18	144
2022-07-19	218
2022-07-20	175
2022-07-21	155
2022-07-22	108
2022-07-23	108
2022-07-24	194
2022-07-25	151
2022-07-26	143
2022-07-27	117
2022-07-28	174
2022-07-29	181
2022-07-30	169
2022-07-31	351
2022-08-01	212
2022-08-02	263
2022-08-03	328
2022-08-04	291
2022-08-05	263
2022-08-06	198
2022-08-07	363
2022-08-08	238
2022-08-09	285
2022-08-10	304
2022-08-11	364
2022-08-12	267
2022-08-13	396
2022-08-14	236
2022-08-15	272
2022-08-16	243
2022-08-17	461
2022-08-18	218
2022-08-19	316
2022-08-20	387
2022-08-21	304
2022-08-22	210
2022-08-23	327
2022-08-24	246
2022-08-25	264
2022-08-26	397
2022-08-27	432
2022-08-28	315
2022-08-29	266
2022-08-30	180
2022-08-31	337
2022-09-01	267
2022-09-02	301
2022-09-03	166
2022-09-04	276
2022-09-05	147
2022-09-06	370
2022-09-07	113
2022-09-08	333
2022-09-09	332
2022-09-10	305
2022-09-11	259
2022-09-12	157
2022-09-13	317
2022-09-14	176
2022-09-15	476
2022-09-16	304
2022-09-17	274
2022-09-18	268
2022-09-19	300
2022-09-20	271
2022-09-21	247
2022-09-22	315
2022-09-23	336
2022-09-24	320
2022-09-25	354
2022-09-26	326
2022-09-27	224
2022-09-28	330
2022-09-29	300
2022-09-30	442
2022-10-01	233
2022-10-02	160
2022-10-03	240
2022-10-04	278
2022-10-05	221
2022-10-06	326
2022-10-07	265
2022-10-08	229
2022-10-09	473
2022-10-10	142
2022-10-11	254
2022-10-12	88
2022-10-13	171
2022-10-14	294
2022-10-15	123
2022-10-16	227
2022-10-17	169
2022-10-18	213
2022-10-19	145
2022-10-20	208
2022-10-21	100
2022-10-22	183
2022-10-23	128
2022-10-24	213
2022-10-25	225
2022-10-26	224
2022-10-27	124
2022-10-28	261
2022-10-29	279
2022-10-30	149
2022-10-31	257
2022-11-01	253
2022-11-02	175
2022-11-03	276
2022-11-04	206
2022-11-05	87
2022-11-06	85
2022-11-07	122
2022-11-08	149
2022-11-09	195
2022-11-10	229
2022-11-11	175
2022-11-12	199
2022-11-13	219
2022-11-14	204
2022-11-15	153
2022-11-16	78
2022-11-17	217
2022-11-18	282
2022-11-19	407
2022-11-20	245
2022-11-21	185
2022-11-22	108
2022-11-23	253
2022-11-24	178
2022-11-25	133
2022-11-26	169
2022-11-27	74
2022-11-28	125
2022-11-29	153
2022-11-30	155
2022-12-01	81
2022-12-02	191
2022-12-03	153
2022-12-04	262
2022-12-05	131
2022-12-06	90
2022-12-07	220
2022-12-08	99
2022-12-09	59
2022-12-10	94
2022-12-11	173
2022-12-12	149
2022-12-13	340
2022-12-14	127
2022-12-15	188
2022-12-16	210
2022-12-17	119
2022-12-18	72
2022-12-19	130
2022-12-20	100
2022-12-21	168
2022-12-22	118
2022-12-23	208
2022-12-24	89
2022-12-25	56
2022-12-26	144
2022-12-27	73
2022-12-28	108
2022-12-29	110
2022-12-30	113
2022-12-31	111
2023-01-01	92
2023-01-02	142
2023-01-03	135
2023-01-04	96
2023-01-05	141
2023-01-06	56
2023-01-07	137
2023-01-08	91
2023-01-09	241
2023-01-10	278
2023-01-11	147
2023-01-12	245
2023-01-13	95
2023-01-14	204
2023-01-15	103
2023-01-16	145
2023-01-17	299
2023-01-18	189
2023-01-19	176
2023-01-20	141
2023-01-21	71
2023-01-22	118
2023-01-23	167
2023-01-24	84
2023-01-25	90
2023-01-26	80
2023-01-27	183
2023-01-28	151
2023-01-29	167
2023-01-30	106
2023-01-31	114
2023-02-01	204
2023-02-02	207
2023-02-03	185
2023-02-04	101
2023-02-05	127
2023-02-06	244
2023-02-07	96
2023-02-08	144
2023-02-09	200
2023-02-10	108
2023-02-11	124
2023-02-12	140
2023-02-13	174
2023-02-14	206
2023-02-15	105
2023-02-16	188
2023-02-17	139
2023-02-18	153
2023-02-19	141
2023-02-20	146
2023-02-21	165
2023-02-22	145
2023-02-23	141
2023-02-24	196
2023-02-25	82
2023-02-26	174
2023-02-27	112
2023-02-28	177
2023-03-01	56
2023-03-02	134
2023-03-03	86
2023-03-04	75
2023-03-05	104
2023-03-06	74
2023-03-07	144
2023-03-08	215
2023-03-09	189
2023-03-10	236
2023-03-11	163
2023-03-12	120
2023-03-13	106
2023-03-14	101
2023-03-15	88
2023-03-16	191
2023-03-17	171
2023-03-18	165
2023-03-19	293
2023-03-20	147
2023-03-21	129
2023-03-22	175
2023-03-23	225
2023-03-24	126
2023-03-25	107
2023-03-26	167
2023-03-27	213
2023-03-28	88
2023-03-29	123
2023-03-30	261
2023-03-31	158
2023-04-01	102
2023-04-02	109
2023-04-03	100
2023-04-04	111
2023-04-05	88
2023-04-06	108
2023-04-07	390
2023-04-08	256
2023-04-09	120
2023-04-10	207
2023-04-11	113
2023-04-12	145
2023-04-13	235
2023-04-14	119
2023-04-15	78
2023-04-16	110
2023-04-17	207
2023-04-18	359
2023-04-19	323
2023-04-20	426
2023-04-21	499
2023-04-22	191
2023-04-23	224
2023-04-24	189
2023-04-25	383
2023-04-26	217
2023-04-27	293
2023-04-28	404
2023-04-29	372
2023-04-30	170
2023-05-01	105
2023-05-02	132
2023-05-03	141
2023-05-04	196
2023-05-05	237
2023-05-06	227
2023-05-07	245
2023-05-08	261
2023-05-09	242
2023-05-10	247
2023-05-11	128
2023-05-12	144
2023-05-13	137
2023-05-14	124
2023-05-15	117
2023-05-16	123
2023-05-17	102
2023-05-18	71
2023-05-19	68
2023-05-20	66
2023-05-21	133
2023-05-22	60
2023-05-23	61
2023-05-24	167
2023-05-25	98
2023-05-26	69
2023-05-27	54
2023-05-28	81
2023-05-29	65
2023-05-30	48
2023-05-31	68
2023-06-01	56
2023-06-02	60
2023-06-03	77
2023-06-04	47
2023-06-05	55
2023-06-06	72
2023-06-07	97
2023-06-08	60
2023-06-09	54
2023-06-10	51
2023-06-11	59
2023-06-12	47
2023-06-13	65
2023-06-14	83
2023-06-15	160
2023-06-16	63
2023-06-17	64
2023-06-18	62
2023-06-19	82
2023-06-20	54
2023-06-21	58
2023-06-22	89
2023-06-23	56
2023-06-24	57
2023-06-25	72
2023-06-26	83
2023-06-27	66
2023-06-28	66
2023-06-29	68
2023-06-30	61
2023-07-01	43
2023-07-02	79
2023-07-03	57
2023-07-04	56
2023-07-05	111
2023-07-06	53
2023-07-07	73
2023-07-08	157
2023-07-09	166
2023-07-10	60
2023-07-11	165
2023-07-12	119
2023-07-13	49
2023-07-14	60
2023-07-15	106
2023-07-16	61
2023-07-17	117
2023-07-18	76
2023-07-19	179
2023-07-20	75
2023-07-21	112
2023-07-22	86
2023-07-23	201
2023-07-24	52
2023-07-25	232
2023-07-26	106
2023-07-27	86
2023-07-28	217
2023-07-29	105
2023-07-30	53
2023-07-31	143
2023-08-01	64
2023-08-02	57
2023-08-03	66
2023-08-04	85
2023-08-05	154
2023-08-06	92
2023-08-07	104
2023-08-08	77
2023-08-09	44
2023-08-10	96
2023-08-11	57
2023-08-12	70
2023-08-13	149
2023-08-14	79
2023-08-15	125
2023-08-16	76
2023-08-17	88
2023-08-18	51
2023-08-19	108
2023-08-20	71
2023-08-21	76
2023-08-22	71
2023-08-23	82
2023-08-24	73
2023-08-25	78
2023-08-26	37
2023-08-27	90
2023-08-28	40
2023-08-29	77
2023-08-30	59
2023-08-31	49
2023-09-01	42
2023-09-02	68
2023-09-03	84
2023-09-04	65
2023-09-05	78
2023-09-06	77
2023-09-07	102
2023-09-08	75
2023-09-09	45
2023-09-10	70
2023-09-11	36
2023-09-12	61
2023-09-13	128
2023-09-14	37
2023-09-15	56
2023-09-16	69
2023-09-17	83
2023-09-18	141
2023-09-19	82
2023-09-20	152
2023-09-21	69
2023-09-22	54
2023-09-23	92
2023-09-24	151
2023-09-25	87
2023-09-26	60
2023-09-27	90
2023-09-28	77
2023-09-29	79
2023-09-30	66
2023-10-01	89
2023-10-02	130
2023-10-03	61
2023-10-04	88
2023-10-05	60
2023-10-06	63
2023-10-07	75
2023-10-08	87
2023-10-09	70
2023-10-10	92
2023-10-11	83
2023-10-12	55
2023-10-13	66
2023-10-14	72
2023-10-15	68
2023-10-16	98
2023-10-17	83
2023-10-18	73
2023-10-19	91
2023-10-20	102
2023-10-21	64
2023-10-22	78
2023-10-23	100
2023-10-24	81
2023-10-25	56
2023-10-26	85
2023-10-27	58
2023-10-28	115
2023-10-29	74
2023-10-30	92
2023-10-31	76
2023-11-01	138
2023-11-02	33
2023-11-03	58
2023-11-04	69
2023-11-05	86
2023-11-06	46
2023-11-07	63
2023-11-08	95
2023-11-09	77
2023-11-10	72
2023-11-11	122
2023-11-12	71
2023-11-13	93
2023-11-14	193
2023-11-15	145
2023-11-16	164
2023-11-17	146
2023-11-18	96
2023-11-19	48
2023-11-20	113
2023-11-21	141
2023-11-22	122
2023-11-23	148
2023-11-24	113
2023-11-25	88
2023-11-26	138
2023-11-27	194
2023-11-28	119
2023-11-29	144
2023-11-30	129
2023-12-01	229
2023-12-02	132
2023-12-03	231
2023-12-04	143
2023-12-05	178
2023-12-06	181
2023-12-07	134
2023-12-08	131
2023-12-09	39
2023-12-10	53
2023-12-11	55
2023-12-12	90
2023-12-13	58
2023-12-14	58
2023-12-15	59
2023-12-16	64
2023-12-17	76
2023-12-18	88
2023-12-19	121
2023-12-20	279
2023-12-21	224
2023-12-22	73
2023-12-23	276
2023-12-24	40
2023-12-25	36
2023-12-26	79
2023-12-27	87
2023-12-28	84
2023-12-29	72
2023-12-30	99
2023-12-31	153
2024-01-01	33
2024-01-02	140
2024-01-03	169
2024-01-04	130
2024-01-05	227
2024-01-06	224
2024-01-07	187
2024-01-08	280
2024-01-09	172
2024-01-10	110
2024-01-11	109
2024-01-12	89
2024-01-13	40
2024-01-14	52
2024-01-15	39
2024-01-16	54
2024-01-17	42
2024-01-18	50
2024-01-19	60
2024-01-20	34
2024-01-21	39
2024-01-22	87
2024-01-23	56
2024-01-24	30
2024-01-25	43
2024-01-26	39
2024-01-27	72
2024-01-28	87
2024-01-29	64
2024-01-30	180
2024-01-31	64
2024-02-01	70
2024-02-02	77
2024-02-03	42
2024-02-04	45
2024-02-05	36
2024-02-06	64
2024-02-07	27
2024-02-08	41
2024-02-09	36
2024-02-10	37
2024-02-11	24
2024-02-12	36
2024-02-13	43
2024-02-14	24
2024-02-15	37
2024-02-16	52
2024-02-17	35
2024-02-18	46
2024-02-19	42
2024-02-20	42
2024-02-21	28
2024-02-22	36
2024-02-23	54
2024-02-24	38
2024-02-25	35
2024-02-26	32
2024-02-27	58
2024-02-28	55
2024-02-29	240
2024-03-01	38
2024-03-02	24
2024-03-03	20
2024-03-04	30
2024-03-05	32
2024-03-06	57
2024-03-07	39
2024-03-08	55
2024-03-09	33
2024-03-10	36
2024-03-11	32
2024-03-12	53
2024-03-13	23
2024-03-14	16
2024-03-15	51
2024-03-16	28
2024-03-17	35
2024-03-18	44
2024-03-19	42
2024-03-20	41
2024-03-21	31
2024-03-22	51
2024-03-23	48
2024-03-24	137
2024-03-25	71
2024-03-26	46
2024-03-27	52
2024-03-28	61
2024-03-29	90
2024-03-30	144
2024-03-31	177
2024-04-01	44
2024-04-02	21
2024-04-03	50
2024-04-04	39
2024-04-05	42
2024-04-06	91
2024-04-07	83
2024-04-08	61
2024-04-09	34
2024-04-10	38
2024-04-11	32
2024-04-12	50
2024-04-13	105
2024-04-14	35
2024-04-15	32
2024-04-16	26
2024-04-17	15
2024-04-18	32
2024-04-19	28
2024-04-20	21
2024-04-21	18
2024-04-22	17
2024-04-23	32
2024-04-24	55
2024-04-25	52
2024-04-26	52
2024-04-27	54
2024-04-28	63
2024-04-29	26
2024-04-30	22
2024-05-01	82
2024-05-02	30
2024-05-03	29
2024-05-04	31
2024-05-05	42
2024-05-06	39
2024-05-07	13
2024-05-08	23
2024-05-09	31
2024-05-10	39
2024-05-11	22
2024-05-12	53
2024-05-13	32
2024-05-14	28
2024-05-15	23
2024-05-16	38
2024-05-17	56
2024-05-18	69
2024-05-19	113
2024-05-20	24
2024-05-21	37
2024-05-22	58
2024-05-23	44
2024-05-24	53
2024-05-25	35
2024-05-26	25
2024-05-27	40
2024-05-28	39
2024-05-29	48
2024-05-30	33
2024-05-31	51
2024-06-01	28
2024-06-02	47
2024-06-03	45
2024-06-04	26
2024-06-05	18
2024-06-06	40
2024-06-07	46
2024-06-08	46
2024-06-09	29
2024-06-10	27
2024-06-11	31
2024-06-12	43
2024-06-13	61
2024-06-14	51
2024-06-15	42
2024-06-16	29
2024-06-17	35
2024-06-18	88
2024-06-19	35
2024-06-20	29
2024-06-21	43
2024-06-22	41
2024-06-23	58
2024-06-24	49
2024-06-25	50
2024-06-26	31
2024-06-27	38
2024-06-28	41
2024-06-29	72
2024-06-30	33
2024-07-01	47
2024-07-02	37
2024-07-03	30
2024-07-04	19
2024-07-05	56
2024-07-06	21
2024-07-07	18
2024-07-08	29
2024-07-09	30
2024-07-10	59
2024-07-11	37
2024-07-12	58
2024-07-13	45
2024-07-14	40
2024-07-15	56
2024-07-16	56
2024-07-17	80
2024-07-18	107
2024-07-19	66
2024-07-20	80
2024-07-21	45
2024-07-22	59
2024-07-23	68
2024-07-24	66
2024-07-25	53
2024-07-26	92
2024-07-27	44
2024-07-28	22
2024-07-29	39
2024-07-30	46
2024-07-31	48
2024-08-01	47
2024-08-02	32
2024-08-03	29
2024-08-04	32
2024-08-05	47
2024-08-06	48
2024-08-07	41
2024-08-08	93
2024-08-09	70
2024-08-10	103
2024-08-11	143
2024-08-12	62
2024-08-13	98
2024-08-14	148
2024-08-15	74
2024-08-16	101
2024-08-17	103
2024-08-18	107
2024-08-19	59
2024-08-20	98
2024-08-21	118
2024-08-22	168
2024-08-23	158
2024-08-24	138
2024-08-25	129
2024-08-26	149
2024-08-27	132
2024-08-28	139
2024-08-29	124
2024-08-30	149
2024-08-31	154
2024-09-01	130
2024-09-02	82
2024-09-03	96
2024-09-04	101
2024-09-05	93
2024-09-06	100
2024-09-07	94
2024-09-08	140
2024-09-09	159
2024-09-10	149
2024-09-11	160
2024-09-12	332
2024-09-13	155
2024-09-14	300
2024-09-15	291
2024-09-16	264
2024-09-17	428
2024-09-18	291
2024-09-19	290
2024-09-20	446
2024-09-21	127
2024-09-22	249
2024-09-23	171
2024-09-24	196
2024-09-25	167
2024-09-26	272
2024-09-27	241
2024-09-28	137
2024-09-29	110
2024-09-30	105
2024-10-01	139
2024-10-02	190
2024-10-03	152
2024-10-04	121
2024-10-05	130
2024-10-06	90
2024-10-07	122
2024-10-08	140
2024-10-09	101
2024-10-10	132
2024-10-11	202
2024-10-12	81
2024-10-13	63
2024-10-14	85
2024-10-15	84
2024-10-16	65
2024-10-17	84
2024-10-18	76
2024-10-19	73
2024-10-20	97
2024-10-21	86
2024-10-22	65
2024-10-23	68
2024-10-24	123
2024-10-25	43
2024-10-26	265
2024-10-27	43
2024-10-28	178
2024-10-29	73
2024-10-30	90
2024-10-31	51
2024-11-01	69
2024-11-02	112
2024-11-03	125
2024-11-04	77
2024-11-05	327
2024-11-06	146
2024-11-07	92
2024-11-08	90
2024-11-09	74
2024-11-10	119
2024-11-11	106
2024-11-12	139
2024-11-13	100
2024-11-14	104
2024-11-15	88
2024-11-16	157
2024-11-17	113
2024-11-18	43
2024-11-19	82
2024-11-20	82
2024-11-21	63
2024-11-22	99
2024-11-23	137
2024-11-24	338
2024-11-25	26
2024-11-26	32
2024-11-27	40
2024-11-28	105
2024-11-29	147
2024-11-30	119
2024-12-01	66
2024-12-02	33
2024-12-03	25
2024-12-04	20
2024-12-05	25
2024-12-06	40
2024-12-07	23
2024-12-08	20
2024-12-09	7
2024-12-10	26
2024-12-11	16
2024-12-12	67
2024-12-13	11
2024-12-14	14
2024-12-15	21
2024-12-16	23
2024-12-17	27
2024-12-18	26
2024-12-19	48
2024-12-20	30
2024-12-21	21
2024-12-22	15
2024-12-23	32
2024-12-24	32
2024-12-25	15
2024-12-26	16
2024-12-27	15
2024-12-28	67
2024-12-29	18
2024-12-30	40
2024-12-31	15
2025-01-01	19
2025-01-02	52
2025-01-03	56
2025-01-04	55
2025-01-05	59
2025-01-06	48
2025-01-07	33
2025-01-08	30
2025-01-09	31
2025-01-10	19
2025-01-11	29
2025-01-12	35
2025-01-13	58
2025-01-14	48
2025-01-15	27
2025-01-16	19
2025-01-17	45
2025-01-18	79
2025-01-19	23
2025-01-20	47
2025-01-21	42
2025-01-22	42
2025-01-23	36
2025-01-24	44
2025-01-25	55
2025-01-26	40
2025-01-27	18
2025-01-28	23
2025-01-29	13
2025-01-30	25
2025-01-31	30
2025-02-01	16
2025-02-02	19
2025-02-03	28
2025-02-04	63
2025-02-05	36
2025-02-06	46
2025-02-07	59
2025-02-08	54
2025-02-09	101
2025-02-10	90
2025-02-11	63
2025-02-12	76
2025-02-13	105
2025-02-14	50
2025-02-15	40
2025-02-16	64
2025-02-17	72
2025-02-18	109
2025-02-19	61
2025-02-20	88
2025-02-21	63
2025-02-22	86
2025-02-23	158
2025-02-24	147
2025-02-25	202
2025-02-26	184
2025-02-27	176
2025-02-28	83
2025-03-01	82
2025-03-02	106
2025-03-03	75
2025-03-04	119
2025-03-05	145
2025-03-06	165
2025-03-07	126
2025-03-08	296
2025-03-09	184
2025-03-10	153
2025-03-11	105
2025-03-12	111
2025-03-13	215
2025-03-14	36
2025-03-15	66
2025-03-16	169
2025-03-17	184
2025-03-18	165
2025-03-19	55
2025-03-20	157
2025-03-21	79
2025-03-22	91
2025-03-23	77
2025-03-24	44
2025-03-25	63
2025-03-26	80
2025-03-27	100
2025-03-28	145
2025-03-29	155
2025-03-30	121
2025-03-31	84
2025-04-01	127
2025-04-02	196
2025-04-03	107
2025-04-04	151
2025-04-05	107
2025-04-06	118
2025-04-07	152
2025-04-08	80
2025-04-09	117
2025-04-10	91
2025-04-11	102
2025-04-12	100
2025-04-13	74
2025-04-14	138
2025-04-15	116
2025-04-16	101
2025-04-17	112
2025-04-18	109
2025-04-19	154
2025-04-20	104
2025-04-21	176
2025-04-22	154
2025-04-23	80
2025-04-24	86
2025-04-25	77
2025-04-26	119
2025-04-27	76
2025-04-28	83
2025-04-29	94
2025-04-30	80
2025-05-01	75
2025-05-02	94
2025-05-03	72
2025-05-04	69
2025-05-05	79
2025-05-06	32
2025-05-07	96
2025-05-08	91
2025-05-09	88
2025-05-10	69
2025-05-11	74
2025-05-12	115
2025-05-13	142
2025-05-14	90
2025-05-15	99
2025-05-16	112
2025-05-17	81
2025-05-18	78
2025-05-19	66
2025-05-20	78
2025-05-21	81
2025-05-22	100
2025-05-23	90
2025-05-24	72
2025-05-25	92
2025-05-26	129
2025-05-27	97
2025-05-28	116
2025-05-29	80
2025-05-30	74
2025-05-31	125
2025-06-01	42
2025-06-02	52
2025-06-03	42
2025-06-04	62
2025-06-05	39
2025-06-06	149
2025-06-07	77
2025-06-08	147
2025-06-09	80
2025-06-10	76
2025-06-11	57
2025-06-12	89
2025-06-13	92
2025-06-14	47
2025-06-15	73
2025-06-16	89
2025-06-17	84
2025-06-18	90
2025-06-19	34
2025-06-20	68
2025-06-21	51
2025-06-22	72
2025-06-23	34
2025-06-24	51
2025-06-25	71
2025-06-26	58
2025-06-27	37
2025-06-28	89
2025-06-29	33
2025-06-30	105
2025-07-01	44
2025-07-02	55
2025-07-03	49
2025-07-04	67
2025-07-05	36
2025-07-06	43
2025-07-07	43
2025-07-08	43
2025-07-09	56
2025-07-10	52
2025-07-11	50
2025-07-12	41
2025-07-13	52
2025-07-14	38
2025-07-15	35
2025-07-16	59
2025-07-17	61
2025-07-18	52
2025-07-19	52
2025-07-20	56
2025-07-21	61
2025-07-22	51
2025-07-23	48
2025-07-24	103
2025-07-25	47
2025-07-26	52
2025-07-27	52
2025-07-28	62
2025-07-29	37
2025-07-30	89
2025-07-31	64
2025-08-01	20
2025-08-02	8
2025-08-03	24
2025-08-04	30
2025-08-05	7
2025-08-06	22
2025-08-07	6
2025-08-08	10
2025-08-09	14
2025-08-10	21
2025-08-11	21
2025-08-12	24
2025-08-13	31
2025-08-14	10
2025-08-15	18
2025-08-16	12
2025-08-17	36
2025-08-18	14
2025-08-19	88
2025-08-20	22
2025-08-21	46
2025-08-22	49
2025-08-23	40
2025-08-24	48
2025-08-25	45
2025-08-26	45
2025-08-27	81
2025-08-28	55
2025-08-29	37
2025-08-30	31
2025-08-31	37
2025-09-01	53
2025-09-02	10
2025-09-03	15
2025-09-04	19
2025-09-05	16
2025-09-06	20
2025-09-07	28
2025-09-08	7
2025-09-09	1
