Edit_Date	Automated_Edits
2003-12-05	48
2004-01-29	1
2004-02-22	1
2004-05-28	107
2004-05-29	1
2004-06-02	108
2004-06-29	94
2004-12-23	5
2005-06-25	3
2005-07-29	1
2005-12-02	1
2006-02-26	1
2009-01-04	1
2009-01-16	8
2009-01-17	29
2009-01-18	6
2009-01-19	5
2009-01-20	1
2009-01-21	10
2009-01-22	3
2009-01-23	7
2009-01-24	2
2009-01-25	3
2009-01-26	11
2009-01-27	7
2009-01-28	1
2009-01-29	5
2009-01-30	10
2009-01-31	7
2009-02-01	13
2009-02-02	21
2009-02-03	17
2009-02-04	12
2009-02-05	14
2009-02-06	6
2009-02-07	17
2009-02-08	17
2009-02-09	7
2009-02-10	12
2009-02-11	5
2009-02-12	3
2009-02-13	9
2009-02-14	8
2009-02-15	9
2009-02-16	17
2009-02-17	13
2009-02-18	20
2009-02-19	29
2009-02-20	13
2009-02-21	6
2009-02-22	16
2009-02-23	3
2009-02-24	5
2009-02-25	21
2009-02-26	19
2009-02-27	2
2009-02-28	6
2009-03-01	6
2009-03-02	9
2009-03-03	19
2009-03-04	7
2009-03-05	22
2009-03-06	22
2009-03-07	12
2009-03-08	21
2009-03-09	18
2009-03-10	10
2009-03-11	28
2009-03-12	22
2009-03-13	15
2009-03-14	17
2009-03-15	20
2009-03-16	13
2009-03-17	14
2009-03-18	42
2009-03-19	43
2009-03-20	14
2009-03-21	38
2009-03-22	10
2009-03-23	65
2009-03-24	7
2009-03-25	65
2009-03-26	1
2009-03-27	45
2009-03-28	32
2009-03-29	19
2009-03-30	42
2009-03-31	10
2009-04-01	34
2009-04-02	15
2009-04-03	41
2009-04-04	3
2009-04-05	24
2009-04-06	21
2009-04-07	16
2009-04-08	22
2009-04-09	17
2009-04-10	65
2009-04-11	15
2009-04-12	37
2009-04-13	26
2009-04-14	31
2009-04-15	7
2009-04-16	53
2009-04-17	16
2009-04-18	28
2009-04-19	4
2009-04-20	33
2009-04-21	16
2009-04-22	27
2009-04-23	13
2009-04-24	30
2009-04-25	5
2009-04-27	23
2009-04-28	16
2009-04-29	46
2009-04-30	8
2009-05-01	33
2009-05-02	8
2009-05-03	54
2009-05-04	8
2009-05-05	37
2009-05-06	7
2009-05-07	42
2009-05-08	22
2009-05-09	59
2009-05-10	10
2009-05-11	27
2009-05-12	5
2009-05-13	29
2009-05-14	6
2009-05-15	16
2009-05-16	36
2009-05-17	11
2009-05-18	7
2009-05-19	25
2009-05-20	23
2009-05-21	1
2009-05-22	22
2009-05-23	26
2009-05-24	28
2009-05-25	27
2009-05-26	26
2009-05-27	6
2009-05-28	42
2009-05-29	11
2009-05-30	34
2009-05-31	7
2009-06-01	29
2009-06-02	17
2009-06-03	28
2009-06-04	8
2009-06-05	19
2009-06-06	21
2009-06-07	35
2009-06-08	33
2009-06-09	35
2009-06-10	36
2009-06-11	33
2009-06-12	36
2009-06-13	34
2009-06-14	44
2009-06-15	8
2009-06-16	41
2009-06-17	4
2009-06-18	10
2009-06-19	19
2009-06-20	20
2009-06-21	10
2009-06-22	33
2009-06-23	36
2009-06-24	18
2009-06-25	34
2009-06-26	45
2009-06-27	39
2009-06-28	32
2009-06-29	26
2009-06-30	24
2009-07-01	64
2009-07-02	44
2009-07-03	44
2009-07-04	19
2009-07-05	39
2009-07-06	19
2009-07-07	23
2009-07-08	19
2009-07-09	19
2009-07-10	5
2009-07-11	31
2009-07-12	22
2009-07-13	37
2009-07-14	11
2009-07-15	50
2009-07-16	17
2009-07-17	28
2009-07-18	40
2009-07-19	62
2009-07-20	13
2009-07-21	38
2009-07-22	19
2009-07-23	17
2009-07-24	13
2009-07-25	13
2009-07-26	30
2009-07-27	134
2009-07-28	8
2009-07-29	44
2009-07-30	29
2009-07-31	189
2009-08-01	226
2009-08-02	111
2009-08-03	147
2009-08-04	31
2009-08-05	74
2009-08-06	163
2009-08-07	53
2009-08-08	119
2009-08-09	12
2009-08-10	18
2009-08-11	31
2009-08-12	31
2009-08-13	33
2009-08-14	20
2009-08-15	21
2009-08-16	14
2009-08-17	35
2009-08-18	35
2009-08-19	54
2009-08-20	27
2009-08-21	18
2009-08-22	24
2009-08-23	13
2009-08-24	6
2009-08-25	20
2009-08-26	24
2009-08-27	34
2009-08-28	31
2009-08-29	35
2009-08-30	32
2009-08-31	41
2009-09-01	24
2009-09-02	23
2009-09-03	39
2009-09-04	49
2009-09-05	44
2009-09-06	43
2009-09-07	44
2009-09-08	34
2009-09-09	44
2009-09-10	37
2009-09-11	31
2009-09-12	31
2009-09-13	47
2009-09-14	37
2009-09-15	58
2009-09-16	31
2009-09-17	20
2009-09-18	85
2009-09-19	52
2009-09-20	15
2009-09-21	46
2009-09-22	13
2009-09-23	45
2009-09-24	37
2009-09-25	58
2009-09-26	15
2009-09-27	43
2009-09-28	47
2009-09-29	31
2009-09-30	34
2009-10-01	23
2009-10-02	34
2009-10-03	38
2009-10-04	14
2009-10-05	16
2009-10-06	18
2009-10-07	26
2009-10-08	8
2009-10-09	5
2009-10-10	17
2009-10-11	18
2009-10-12	36
2009-10-13	22
2009-10-14	17
2009-10-15	28
2009-10-16	39
2009-10-17	27
2009-10-18	5
2009-10-19	17
2009-10-20	19
2009-10-21	41
2009-10-22	53
2009-10-23	14
2009-10-24	3
2009-10-25	27
2009-10-26	37
2009-10-27	38
2009-10-28	19
2009-10-29	25
2009-10-30	18
2009-10-31	13
2009-11-01	21
2009-11-02	16
2009-11-03	25
2009-11-04	17
2009-11-05	30
2009-11-06	17
2009-11-07	29
2009-11-08	30
2009-11-09	23
2009-11-10	29
2009-11-11	23
2009-11-12	29
2009-11-13	12
2009-11-14	20
2009-11-15	28
2009-11-16	19
2009-11-17	30
2009-11-18	40
2009-11-19	39
2009-11-20	29
2009-11-21	29
2009-11-22	29
2009-11-23	14
2009-11-24	24
2009-11-25	11
2009-11-26	33
2009-11-27	34
2009-11-28	34
2009-11-29	23
2009-11-30	20
2009-12-01	37
2009-12-02	58
2009-12-03	37
2009-12-04	44
2009-12-05	21
2009-12-06	21
2009-12-07	56
2009-12-08	25
2009-12-09	65
2009-12-10	23
2009-12-11	37
2009-12-12	26
2009-12-13	48
2009-12-14	27
2009-12-15	37
2009-12-16	55
2009-12-17	35
2009-12-18	50
2009-12-19	39
2009-12-20	31
2009-12-21	27
2009-12-22	34
2009-12-23	70
2009-12-24	20
2009-12-25	41
2009-12-26	45
2009-12-27	62
2009-12-28	75
2009-12-29	61
2009-12-30	47
2009-12-31	32
2010-01-01	41
2010-01-02	51
2010-01-03	33
2010-01-04	37
2010-01-05	79
2010-01-06	32
2010-01-07	47
2010-01-08	41
2010-01-09	47
2010-01-10	38
2010-01-11	39
2010-01-12	40
2010-01-13	29
2010-01-14	37
2010-01-15	60
2010-01-16	31
2010-01-17	54
2010-01-18	51
2010-01-19	37
2010-01-20	56
2010-01-21	60
2010-01-22	27
2010-01-23	37
2010-01-24	48
2010-01-25	39
2010-01-26	55
2010-01-27	26
2010-01-28	32
2010-01-29	32
2010-01-30	59
2010-01-31	46
2010-02-01	46
2010-02-02	36
2010-02-03	33
2010-02-04	30
2010-02-05	45
2010-02-06	69
2010-02-07	33
2010-02-08	24
2010-02-09	36
2010-02-10	32
2010-02-11	38
2010-02-12	41
2010-02-13	52
2010-02-14	62
2010-02-15	38
2010-02-16	113
2010-02-17	12
2010-02-18	11
2010-02-19	23
2010-02-20	19
2010-02-21	28
2010-02-22	29
2010-02-23	37
2010-02-24	27
2010-02-25	17
2010-02-26	14
2010-02-27	29
2010-02-28	24
2010-03-01	24
2010-03-02	28
2010-03-03	24
2010-03-04	28
2010-03-05	40
2010-03-06	45
2010-03-07	26
2010-03-08	29
2010-03-09	60
2010-03-10	33
2010-03-11	45
2010-03-12	37
2010-03-13	42
2010-03-14	55
2010-03-15	40
2010-03-16	52
2010-03-17	41
2010-03-18	24
2010-03-19	41
2010-03-20	33
2010-03-21	38
2010-03-22	36
2010-03-23	117
2010-03-24	46
2010-03-25	22
2010-03-26	57
2010-03-27	65
2010-03-28	76
2010-03-29	45
2010-03-30	45
2010-03-31	81
2010-04-01	97
2010-04-02	75
2010-04-03	47
2010-04-04	43
2010-04-05	67
2010-04-06	48
2010-04-07	31
2010-04-08	33
2010-04-09	55
2010-04-10	54
2010-04-11	51
2010-04-12	70
2010-04-13	39
2010-04-14	41
2010-04-15	63
2010-04-16	35
2010-04-17	46
2010-04-18	50
2010-04-19	71
2010-04-20	46
2010-04-21	80
2010-04-22	62
2010-04-23	26
2010-04-26	20
2010-04-27	43
2010-04-28	53
2010-04-29	24
2010-04-30	35
2010-05-01	16
2010-05-02	14
2010-05-03	45
2010-05-04	44
2010-05-05	31
2010-05-06	48
2010-05-07	74
2010-05-08	40
2010-05-09	42
2010-05-10	41
2010-05-11	36
2010-05-12	66
2010-05-13	33
2010-05-14	49
2010-05-15	42
2010-05-16	39
2010-05-17	25
2010-05-18	52
2010-05-19	34
2010-05-20	48
2010-05-21	65
2010-05-22	49
2010-05-23	68
2010-05-24	45
2010-05-25	53
2010-05-26	55
2010-05-27	21
2010-05-28	28
2010-05-29	31
2010-05-30	49
2010-05-31	105
2010-06-01	35
2010-06-02	38
2010-06-03	55
2010-06-04	43
2010-06-05	29
2010-06-06	48
2010-06-07	71
2010-06-08	61
2010-06-09	52
2010-06-10	46
2010-06-11	45
2010-06-12	42
2010-06-13	43
2010-06-14	78
2010-06-15	79
2010-06-16	107
2010-06-17	60
2010-06-18	54
2010-06-19	72
2010-06-20	89
2010-06-21	74
2010-06-22	86
2010-06-23	62
2010-06-24	52
2010-06-25	42
2010-06-26	56
2010-06-27	72
2010-06-28	50
2010-06-29	131
2010-06-30	187
2010-07-01	96
2010-07-02	63
2010-07-03	40
2010-07-04	50
2010-07-05	47
2010-07-06	60
2010-07-07	53
2010-07-08	66
2010-07-09	38
2010-07-10	60
2010-07-11	75
2010-07-12	70
2010-07-13	51
2010-07-14	122
2010-07-15	91
2010-07-16	43
2010-07-17	56
2010-07-18	48
2010-07-19	77
2010-07-20	51
2010-07-21	83
2010-07-22	64
2010-07-23	64
2010-07-24	86
2010-07-25	52
2010-07-26	51
2010-07-27	75
2010-07-28	56
2010-07-29	35
2010-07-30	43
2010-07-31	83
2010-08-01	39
2010-08-02	52
2010-08-03	73
2010-08-04	65
2010-08-05	40
2010-08-06	48
2010-08-07	77
2010-08-08	54
2010-08-09	81
2010-08-10	100
2010-08-11	95
2010-08-12	82
2010-08-13	44
2010-08-14	67
2010-08-15	70
2010-08-16	39
2010-08-17	47
2010-08-18	55
2010-08-19	65
2010-08-20	109
2010-08-21	50
2010-08-22	57
2010-08-23	85
2010-08-24	141
2010-08-25	104
2010-08-26	78
2010-08-27	129
2010-08-28	64
2010-08-29	126
2010-08-30	75
2010-08-31	97
2010-09-01	104
2010-09-02	106
2010-09-03	115
2010-09-04	112
2010-09-05	74
2010-09-06	107
2010-09-07	133
2010-09-08	95
2010-09-09	96
2010-09-10	93
2010-09-11	121
2010-09-12	154
2010-09-13	56
2010-09-14	90
2010-09-15	126
2010-09-16	59
2010-09-17	89
2010-09-18	69
2010-09-19	87
2010-09-20	76
2010-09-21	65
2010-09-22	101
2010-09-23	101
2010-09-24	51
2010-09-25	126
2010-09-26	66
2010-09-27	46
2010-09-28	72
2010-09-29	40
2010-09-30	105
2010-10-01	53
2010-10-02	34
2010-10-03	22
2010-10-04	7
2010-10-05	73
2010-10-06	57
2010-10-07	49
2010-10-08	36
2010-10-09	66
2010-10-10	79
2010-10-11	56
2010-10-12	81
2010-10-13	46
2010-10-14	63
2010-10-15	59
2010-10-16	71
2010-10-17	38
2010-10-18	39
2010-10-19	25
2010-10-20	47
2010-10-21	107
2010-10-22	215
2010-10-23	154
2010-10-24	71
2010-10-25	69
2010-10-26	76
2010-10-27	73
2010-10-28	280
2010-10-29	53
2010-10-30	45
2010-10-31	50
2010-11-01	43
2010-11-02	52
2010-11-03	42
2010-11-04	47
2010-11-05	60
2010-11-06	37
2010-11-07	154
2010-11-08	33
2010-11-09	37
2010-11-10	63
2010-11-11	83
2010-11-12	92
2010-11-13	85
2010-11-14	227
2010-11-15	80
2010-11-16	76
2010-11-17	55
2010-11-18	29
2010-11-19	74
2010-11-20	107
2010-11-21	59
2010-11-22	29
2010-11-23	40
2010-11-24	24
2010-11-25	52
2010-11-26	15
2010-11-27	60
2010-11-28	33
2010-11-29	61
2010-11-30	62
2010-12-01	25
2010-12-02	59
2010-12-03	53
2010-12-04	43
2010-12-05	57
2010-12-06	45
2010-12-07	41
2010-12-08	42
2010-12-09	75
2010-12-10	30
2010-12-11	50
2010-12-12	24
2010-12-13	44
2010-12-14	20
2010-12-15	26
2010-12-16	42
2010-12-17	23
2010-12-18	34
2010-12-19	51
2010-12-20	24
2010-12-21	40
2010-12-22	33
2010-12-23	36
2010-12-24	46
2010-12-25	21
2010-12-26	42
2010-12-27	34
2010-12-28	36
2010-12-29	37
2010-12-30	52
2010-12-31	45
2011-01-01	45
2011-01-02	14
2011-01-03	37
2011-01-04	123
2011-01-05	94
2011-01-06	81
2011-01-07	151
2011-01-08	233
2011-01-09	109
2011-01-10	113
2011-01-11	88
2011-01-12	97
2011-01-13	53
2011-01-14	51
2011-01-15	57
2011-01-16	32
2011-01-17	37
2011-01-18	90
2011-01-19	94
2011-01-20	106
2011-01-21	92
2011-01-22	108
2011-01-23	38
2011-01-24	27
2011-01-25	38
2011-01-26	95
2011-01-27	100
2011-01-28	75
2011-01-29	113
2011-01-30	98
2011-01-31	80
2011-02-01	85
2011-02-02	90
2011-02-03	52
2011-02-04	68
2011-02-05	68
2011-02-06	32
2011-02-07	37
2011-02-08	31
2011-02-09	18
2011-02-10	21
2011-02-11	24
2011-02-12	27
2011-02-13	35
2011-02-14	11
2011-02-15	29
2011-02-16	29
2011-02-17	21
2011-02-18	99
2011-02-19	92
2011-02-20	59
2011-02-21	42
2011-02-22	32
2011-02-23	39
2011-02-24	134
2011-02-25	103
2011-02-26	228
2011-02-27	17
2011-02-28	46
2011-03-01	25
2011-03-02	29
2011-03-03	22
2011-03-04	91
2011-03-05	25
2011-03-06	45
2011-03-07	41
2011-03-08	10
2011-03-09	13
2011-03-10	59
2011-03-11	39
2011-03-12	31
2011-03-13	49
2011-03-14	28
2011-03-15	35
2011-03-16	32
2011-03-17	99
2011-03-18	64
2011-03-19	74
2011-03-20	145
2011-03-21	131
2011-03-22	159
2011-03-23	113
2011-03-24	73
2011-03-25	90
2011-03-26	49
2011-03-27	53
2011-03-28	22
2011-03-29	63
2011-03-30	83
2011-03-31	92
2011-04-01	53
2011-04-02	92
2011-04-03	59
2011-04-04	20
2011-04-05	50
2011-04-06	44
2011-04-07	59
2011-04-08	30
2011-04-09	12
2011-04-10	13
2011-04-11	33
2011-04-12	16
2011-04-13	87
2011-04-14	33
2011-04-15	30
2011-04-16	53
2011-04-17	50
2011-04-18	13
2011-04-19	42
2011-04-20	60
2011-04-21	33
2011-04-22	40
2011-04-23	54
2011-04-24	41
2011-04-25	39
2011-04-26	24
2011-04-27	23
2011-04-28	42
2011-04-29	10
2011-04-30	14
2011-05-01	22
2011-05-02	62
2011-05-03	70
2011-05-04	45
2011-05-05	13
2011-05-06	17
2011-05-07	19
2011-05-08	52
2011-05-09	19
2011-05-10	43
2011-05-11	54
2011-05-12	48
2011-05-13	26
2011-05-14	36
2011-05-15	49
2011-05-16	48
2011-05-17	85
2011-05-18	36
2011-05-19	85
2011-05-20	84
2011-05-21	100
2011-05-22	52
2011-05-23	57
2011-05-24	82
2011-05-25	57
2011-05-26	34
2011-05-27	35
2011-05-28	121
2011-05-29	45
2011-05-30	138
2011-05-31	25
2011-06-01	26
2011-06-02	19
2011-06-03	96
2011-06-04	106
2011-06-05	101
2011-06-06	33
2011-06-07	21
2011-06-08	34
2011-06-09	19
2011-06-10	23
2011-06-11	63
2011-06-12	60
2011-06-13	51
2011-06-14	49
2011-06-15	113
2011-06-16	86
2011-06-17	89
2011-06-18	37
2011-06-19	92
2011-06-20	133
2011-06-21	103
2011-06-22	54
2011-06-23	217
2011-06-24	43
2011-06-25	111
2011-06-26	90
2011-06-27	36
2011-06-28	133
2011-06-29	71
2011-06-30	46
2011-07-01	30
2011-07-02	76
2011-07-03	60
2011-07-04	59
2011-07-05	52
2011-07-06	76
2011-07-07	56
2011-07-08	85
2011-07-09	114
2011-07-10	27
2011-07-11	27
2011-07-12	64
2011-07-13	52
2011-07-14	26
2011-07-15	45
2011-07-16	54
2011-07-17	84
2011-07-18	98
2011-07-19	87
2011-07-20	90
2011-07-21	87
2011-07-22	67
2011-07-23	94
2011-07-24	115
2011-07-25	164
2011-07-26	76
2011-07-27	35
2011-07-28	26
2011-07-29	15
2011-07-30	59
2011-07-31	87
2011-08-01	84
2011-08-02	99
2011-08-03	100
2011-08-04	44
2011-08-05	44
2011-08-06	36
2011-08-07	26
2011-08-08	18
2011-08-09	41
2011-08-10	85
2011-08-11	69
2011-08-12	38
2011-08-13	52
2011-08-14	42
2011-08-15	43
2011-08-16	10
2011-08-17	42
2011-08-18	82
2011-08-19	114
2011-08-20	93
2011-08-21	72
2011-08-22	76
2011-08-23	79
2011-08-24	85
2011-08-25	160
2011-08-26	78
2011-08-27	47
2011-08-28	51
2011-08-29	40
2011-08-30	70
2011-08-31	34
2011-09-01	39
2011-09-02	67
2011-09-03	24
2011-09-04	36
2011-09-05	59
2011-09-06	119
2011-09-07	77
2011-09-08	30
2011-09-09	74
2011-09-10	51
2011-09-11	29
2011-09-12	26
2011-09-13	35
2011-09-14	34
2011-09-15	46
2011-09-16	32
2011-09-17	43
2011-09-18	51
2011-09-19	36
2011-09-20	130
2011-09-21	38
2011-09-22	63
2011-09-23	98
2011-09-24	40
2011-09-25	54
2011-09-26	66
2011-09-27	22
2011-09-28	69
2011-09-29	68
2011-09-30	23
2011-10-01	32
2011-10-02	74
2011-10-03	79
2011-10-04	96
2011-10-05	46
2011-10-06	32
2011-10-07	92
2011-10-08	108
2011-10-09	36
2011-10-10	39
2011-10-11	21
2011-10-12	56
2011-10-13	96
2011-10-14	109
2011-10-15	117
2011-10-16	84
2011-10-17	35
2011-10-18	44
2011-10-19	80
2011-10-20	89
2011-10-21	25
2011-10-22	52
2011-10-23	53
2011-10-24	81
2011-10-25	70
2011-10-26	84
2011-10-27	19
2011-10-28	67
2011-10-29	22
2011-10-30	23
2011-10-31	13
2011-11-01	9
2011-11-02	59
2011-11-03	61
2011-11-04	30
2011-11-05	13
2011-11-06	35
2011-11-07	55
2011-11-08	68
2011-11-09	16
2011-11-10	20
2011-11-11	24
2011-11-12	57
2011-11-13	16
2011-11-14	24
2011-11-15	45
2011-11-16	31
2011-11-17	61
2011-11-18	21
2011-11-19	28
2011-11-20	20
2011-11-21	16
2011-11-22	46
2011-11-23	103
2011-11-24	58
2011-11-25	17
2011-11-26	11
2011-11-27	18
2011-11-28	13
2011-11-29	34
2011-11-30	19
2011-12-01	16
2011-12-02	20
2011-12-03	10
2011-12-04	46
2011-12-05	185
2011-12-06	204
2011-12-07	115
2011-12-08	39
2011-12-09	52
2011-12-10	28
2011-12-11	20
2011-12-12	8
2011-12-13	19
2011-12-14	16
2011-12-15	11
2011-12-16	9
2011-12-17	45
2011-12-18	68
2011-12-19	19
2011-12-20	20
2011-12-21	14
2011-12-22	15
2011-12-23	20
2011-12-24	398
2011-12-25	44
2011-12-26	41
2011-12-27	39
2011-12-28	19
2011-12-29	43
2011-12-30	49
2011-12-31	38
2012-01-01	56
2012-01-02	16
2012-01-03	23
2012-01-04	31
2012-01-05	20
2012-01-06	24
2012-01-07	21
2012-01-08	14
2012-01-09	21
2012-01-10	9
2012-01-11	39
2012-01-12	17
2012-01-13	11
2012-01-14	30
2012-01-15	60
2012-01-16	12
2012-01-17	55
2012-01-18	33
2012-01-19	22
2012-01-20	45
2012-01-21	40
2012-01-22	77
2012-01-23	69
2012-01-24	53
2012-01-25	29
2012-01-26	72
2012-01-27	84
2012-01-28	91
2012-01-29	102
2012-01-30	94
2012-01-31	196
2012-02-01	70
2012-02-02	52
2012-02-03	48
2012-02-04	98
2012-02-05	95
2012-02-06	44
2012-02-07	67
2012-02-08	220
2012-02-09	63
2012-02-10	70
2012-02-11	77
2012-02-12	21
2012-02-13	28
2012-02-14	38
2012-02-15	40
2012-02-16	64
2012-02-17	117
2012-02-18	45
2012-02-19	69
2012-02-20	48
2012-02-21	57
2012-02-22	41
2012-02-23	21
2012-02-24	36
2012-02-25	77
2012-02-26	67
2012-02-27	54
2012-02-28	22
2012-02-29	26
2012-03-01	53
2012-03-02	43
2012-03-03	50
2012-03-04	41
2012-03-05	51
2012-03-06	67
2012-03-07	39
2012-03-08	54
2012-03-09	70
2012-03-10	19
2012-03-11	58
2012-03-12	22
2012-03-13	47
2012-03-14	95
2012-03-15	39
2012-03-16	45
2012-03-17	27
2012-03-18	29
2012-03-19	61
2012-03-20	50
2012-03-21	32
2012-03-22	51
2012-03-23	52
2012-03-24	16
2012-03-25	72
2012-03-26	72
2012-03-27	35
2012-03-28	76
2012-03-29	81
2012-03-30	51
2012-03-31	53
2012-04-01	164
2012-04-02	131
2012-04-03	29
2012-04-04	49
2012-04-05	47
2012-04-06	86
2012-04-07	145
2012-04-08	55
2012-04-09	43
2012-04-10	41
2012-04-11	27
2012-04-12	39
2012-04-13	46
2012-04-14	46
2012-04-15	64
2012-04-16	68
2012-04-17	59
2012-04-18	67
2012-04-19	70
2012-04-20	39
2012-04-21	59
2012-04-22	62
2012-04-23	47
2012-04-24	56
2012-04-25	44
2012-04-26	31
2012-04-27	27
2012-04-28	31
2012-04-29	40
2012-04-30	111
2012-05-01	28
2012-05-02	27
2012-05-03	165
2012-05-04	89
2012-05-05	134
2012-05-06	59
2012-05-07	110
2012-05-08	49
2012-05-09	42
2012-05-10	64
2012-05-11	54
2012-05-12	27
2012-05-13	74
2012-05-14	28
2012-05-15	80
2012-05-16	52
2012-05-17	83
2012-05-18	61
2012-05-19	53
2012-05-20	81
2012-05-21	99
2012-05-22	94
2012-05-23	66
2012-05-24	103
2012-05-25	77
2012-05-26	152
2012-05-27	166
2012-05-28	109
2012-05-29	110
2012-05-30	106
2012-05-31	61
2012-06-01	108
2012-06-02	90
2012-06-03	124
2012-06-04	108
2012-06-05	87
2012-06-06	103
2012-06-07	74
2012-06-08	84
2012-06-09	117
2012-06-10	106
2012-06-11	115
2012-06-12	88
2012-06-13	83
2012-06-14	94
2012-06-15	80
2012-06-16	93
2012-06-17	90
2012-06-18	82
2012-06-19	98
2012-06-20	82
2012-06-21	100
2012-06-22	131
2012-06-23	137
2012-06-24	178
2012-06-25	434
2012-06-26	420
2012-06-27	85
2012-06-28	135
2012-06-29	197
2012-06-30	41
2012-07-01	33
2012-07-02	109
2012-07-03	164
2012-07-04	111
2012-07-05	57
2012-07-06	69
2012-07-07	145
2012-07-08	94
2012-07-09	68
2012-07-10	67
2012-07-11	73
2012-07-12	73
2012-07-13	64
2012-07-14	83
2012-07-15	107
2012-07-16	46
2012-07-17	68
2012-07-18	57
2012-07-19	66
2012-07-20	123
2012-07-21	67
2012-07-22	86
2012-07-23	35
2012-07-24	36
2012-07-25	73
2012-07-26	91
2012-07-27	114
2012-07-28	87
2012-07-29	92
2012-07-30	109
2012-07-31	82
2012-08-01	73
2012-08-02	84
2012-08-03	60
2012-08-04	106
2012-08-05	112
2012-08-06	64
2012-08-07	72
2012-08-08	54
2012-08-09	58
2012-08-10	81
2012-08-11	75
2012-08-12	142
2012-08-13	90
2012-08-14	59
2012-08-15	68
2012-08-16	116
2012-08-17	60
2012-08-18	69
2012-08-19	92
2012-08-20	81
2012-08-21	62
2012-08-22	79
2012-08-23	123
2012-08-24	78
2012-08-25	134
2012-08-26	72
2012-08-27	107
2012-08-28	101
2012-08-29	153
2012-08-30	240
2012-08-31	91
2012-09-01	36
2012-09-02	68
2012-09-03	63
2012-09-04	65
2012-09-05	65
2012-09-06	58
2012-09-07	41
2012-09-08	66
2012-09-09	60
2012-09-10	60
2012-09-11	94
2012-09-12	71
2012-09-13	96
2012-09-14	74
2012-09-15	56
2012-09-16	124
2012-09-17	140
2012-09-18	95
2012-09-19	122
2012-09-20	70
2012-09-21	69
2012-09-22	88
2012-09-23	75
2012-09-24	46
2012-09-25	121
2012-09-26	86
2012-09-27	76
2012-09-28	92
2012-09-29	104
2012-09-30	109
2012-10-01	100
2012-10-02	59
2012-10-03	60
2012-10-04	82
2012-10-05	150
2012-10-06	87
2012-10-07	101
2012-10-08	75
2012-10-09	64
2012-10-10	65
2012-10-11	73
2012-10-12	68
2012-10-13	207
2012-10-14	47
2012-10-15	132
2012-10-16	83
2012-10-17	72
2012-10-18	49
2012-10-19	74
2012-10-20	85
2012-10-21	73
2012-10-22	61
2012-10-23	64
2012-10-24	81
2012-10-25	105
2012-10-26	85
2012-10-27	118
2012-10-28	109
2012-10-29	129
2012-10-30	118
2012-10-31	93
2012-11-01	67
2012-11-02	76
2012-11-03	90
2012-11-04	77
2012-11-05	50
2012-11-06	103
2012-11-07	58
2012-11-08	47
2012-11-09	74
2012-11-10	83
2012-11-11	62
2012-11-12	58
2012-11-13	63
2012-11-14	10
2012-11-15	70
2012-11-16	52
2012-11-17	86
2012-11-18	74
2012-11-19	49
2012-11-20	32
2012-11-21	34
2012-11-22	22
2012-11-23	30
2012-11-24	56
2012-11-25	88
2012-11-26	119
2012-11-27	97
2012-11-28	54
2012-11-29	31
2012-11-30	73
2012-12-01	95
2012-12-02	56
2012-12-03	61
2012-12-04	89
2012-12-05	95
2012-12-06	66
2012-12-07	66
2012-12-08	85
2012-12-09	99
2012-12-10	108
2012-12-11	121
2012-12-12	146
2012-12-13	169
2012-12-14	98
2012-12-15	112
2012-12-16	112
2012-12-17	79
2012-12-18	69
2012-12-19	53
2012-12-20	63
2012-12-21	89
2012-12-22	114
2012-12-23	92
2012-12-24	150
2012-12-25	93
2012-12-26	85
2012-12-27	85
2012-12-28	83
2012-12-29	142
2012-12-30	110
2012-12-31	113
2013-01-01	286
2013-01-02	282
2013-01-03	232
2013-01-04	272
2013-01-05	244
2013-01-06	184
2013-01-07	93
2013-01-08	68
2013-01-09	92
2013-01-10	83
2013-01-11	56
2013-01-12	128
2013-01-13	125
2013-01-14	89
2013-01-15	117
2013-01-16	100
2013-01-17	151
2013-01-18	164
2013-01-19	153
2013-01-20	145
2013-01-21	124
2013-01-22	185
2013-01-23	115
2013-01-24	88
2013-01-25	118
2013-01-26	123
2013-01-27	218
2013-01-28	155
2013-01-29	156
2013-01-30	216
2013-01-31	164
2013-02-01	151
2013-02-02	84
2013-02-03	57
2013-02-04	84
2013-02-05	99
2013-02-06	101
2013-02-07	63
2013-02-08	120
2013-02-09	119
2013-02-10	88
2013-02-11	113
2013-02-12	226
2013-02-13	345
2013-02-14	94
2013-02-15	92
2013-02-16	107
2013-02-17	158
2013-02-18	96
2013-02-19	85
2013-02-20	60
2013-02-21	56
2013-02-22	80
2013-02-23	107
2013-02-24	102
2013-02-25	98
2013-02-26	94
2013-02-27	71
2013-02-28	86
2013-03-01	84
2013-03-02	89
2013-03-03	59
2013-03-04	66
2013-03-05	53
2013-03-06	104
2013-03-07	25
2013-03-09	1
2013-03-12	3
2013-03-14	7
2013-03-15	1
2013-03-16	7
2013-03-20	2
2013-03-23	2
2013-03-24	1
2013-03-25	3
2013-03-27	3
2013-03-29	4
2013-03-31	3
2013-04-01	3
2013-04-02	10
2013-04-07	9
2013-04-08	11
2013-04-09	8
2013-04-10	3
2013-04-11	11
2013-04-12	4
2013-04-13	13
2013-04-14	4
2013-04-15	22
2013-04-16	9
2013-04-17	12
2013-04-18	6
2013-04-19	1
2013-04-20	6
2013-04-21	8
2013-04-25	4
2013-04-26	1
2013-04-27	3
2013-04-28	6
2013-04-29	29
2013-04-30	18
2013-05-01	21
2013-05-02	2
2013-05-07	54
2013-05-13	9
2013-05-14	1
2013-05-15	1
2013-05-17	2
2013-05-18	1
2013-05-19	9
2013-05-21	2
2013-05-22	1
2013-05-23	7
2013-05-25	2
2013-05-27	6
2013-05-29	1
2013-06-01	1
2013-06-02	8
2013-06-03	5
2013-06-04	4
2013-06-05	7
2013-06-06	4
2013-06-07	1
2013-06-08	10
2013-06-09	6
2013-06-10	2
2013-06-11	7
2013-06-12	9
2013-06-13	5
2013-06-14	6
2013-06-15	8
2013-06-16	2
2013-06-17	8
2013-06-18	6
2013-06-19	5
2013-06-20	10
2013-06-21	6
2013-06-22	2
2013-06-23	8
2013-06-24	2
2013-06-25	1
2013-06-26	15
2013-06-27	2
2013-06-28	79
2013-06-29	3
2013-06-30	1
2013-07-01	1
2013-07-02	8
2013-07-03	2
2013-07-04	8
2013-07-05	3
2013-07-06	11
2013-07-07	1
2013-07-08	4
2013-07-09	3
2013-07-11	1
2013-07-12	1
2013-07-13	1
2013-07-14	13
2013-07-15	9
2013-07-16	3
2013-07-17	2
2013-07-18	1
2013-07-20	11
2013-07-21	39
2013-07-23	13
2013-07-24	1
2013-07-25	1
2013-07-26	1
2013-07-27	8
2013-07-28	6
2013-07-29	1
2013-08-09	3
2013-08-10	5
2013-08-12	2
2013-08-13	4
2013-08-14	4
2013-08-15	4
2013-08-16	12
2013-08-17	2
2013-08-18	2
2013-08-19	2
2013-08-22	2
2013-08-23	7
2013-08-24	1
2013-08-25	5
2013-08-26	1
2013-10-14	1
2013-10-23	1
2013-10-25	4
2013-10-26	2
2013-11-07	132
2013-11-08	6
2013-11-09	5
2013-11-10	4
2013-11-11	4
2013-11-12	1
2013-11-13	3
2013-11-14	1
2013-11-15	1
2013-11-16	2
2013-11-17	7
2013-11-18	1
2013-11-19	2
2013-11-20	2
2013-11-21	3
2013-11-22	2
2013-11-23	4
2013-11-24	2
2013-11-25	1
2013-11-26	3
2013-11-27	4
2013-11-28	2
2013-11-29	2
2013-11-30	7
2013-12-01	7
2013-12-02	14
2013-12-03	2
2013-12-04	2
2013-12-05	3
2013-12-06	3
2013-12-07	13
2013-12-08	46
2013-12-09	1
2013-12-10	2
2013-12-11	2
2013-12-12	40
2013-12-13	1
2013-12-14	1
2013-12-15	1
2013-12-16	7
2013-12-17	1
2013-12-18	1
2013-12-19	1
2013-12-20	1
2013-12-21	1
2013-12-22	1
2013-12-23	1
2013-12-24	1
2013-12-25	1
2013-12-26	1
2013-12-27	1
2013-12-28	1
2013-12-29	1
2013-12-30	1
2013-12-31	1
2014-01-01	1
2014-01-02	1
2014-01-03	1
2014-01-04	1
2014-01-05	1
2014-01-06	1
2014-01-07	1
2014-01-08	1
2014-01-09	1
2014-01-10	1
2014-01-11	1
2014-01-12	1
2014-01-13	1
2014-01-14	1
2014-01-15	1
2014-01-16	2
2014-01-17	1
2014-01-18	1
2014-01-19	1
2014-01-20	1
2014-01-21	1
2014-01-22	1
2014-01-23	1
2014-01-24	1
2014-01-25	1
2014-01-26	1
2014-01-27	1
2014-01-28	18
2014-01-29	1
2014-01-30	5
2014-01-31	4
2014-02-01	2
2014-02-02	1
2014-02-03	258
2014-02-04	210
2014-02-05	1
2014-02-06	1
2014-02-07	1
2014-02-08	2
2014-02-09	1
2014-02-10	1
2014-02-11	1
2014-02-12	18
2014-02-13	1
2014-02-14	9
2014-02-15	2
2014-02-16	20
2014-02-17	3
2014-02-18	2
2014-02-19	2
2014-02-20	3
2014-02-21	4
2014-02-22	1
2014-02-23	1
2014-02-24	2
2014-02-25	4
2014-02-26	1
2014-02-27	5
2014-02-28	16
2014-03-01	5
2014-03-02	4
2014-03-03	4
2014-03-04	1
2014-03-05	10
2014-03-06	2
2014-03-07	1
2014-03-08	3
2014-03-09	2
2014-03-10	5
2014-03-11	1
2014-03-12	6
2014-03-13	3
2014-03-14	4
2014-03-15	1
2014-03-16	4
2014-03-17	1
2014-03-18	2
2014-03-19	1
2014-03-20	5
2014-03-21	3
2014-03-22	2
2014-03-23	2
2014-03-24	2
2014-03-25	1
2014-03-26	6
2014-03-27	3
2014-03-28	1
2014-03-29	1
2014-03-30	1
2014-03-31	6
2014-04-01	2
2014-04-02	1
2014-04-03	5
2014-04-04	1
2014-04-05	1
2014-04-06	4
2014-04-07	1
2014-04-08	1
2014-04-09	1
2014-04-10	1
2014-04-11	2
2014-04-12	1
2014-04-13	2
2014-04-14	3
2014-04-15	8
2014-04-16	3
2014-04-17	2
2014-04-18	1
2014-04-19	5
2014-04-20	1
2014-04-21	1
2014-04-22	2
2014-04-23	2
2014-04-24	4
2014-04-25	3
2014-04-26	1
2014-04-27	2
2014-04-28	3
2014-04-29	3
2014-04-30	1
2014-05-01	2
2014-05-02	3
2014-05-03	1
2014-05-04	2
2014-05-05	8
2014-05-06	1
2014-05-07	2
2014-05-08	3
2014-05-09	2
2014-05-10	2
2014-05-11	1
2014-05-12	6
2014-05-13	1
2014-05-14	1
2014-05-15	1
2014-05-16	2
2014-05-17	2
2014-05-18	1
2014-05-19	5
2014-05-20	4
2014-05-21	5
2014-05-22	1
2014-05-23	3
2014-05-24	1
2014-05-25	1
2014-05-26	7
2014-05-27	3
2014-05-28	3
2014-05-29	4
2014-05-30	14
2014-05-31	3
2014-06-01	7
2014-06-02	9
2014-06-03	7
2014-06-04	5
2014-06-05	2
2014-06-06	9
2014-06-07	7
2014-06-08	9
2014-06-09	6
2014-06-10	5
2014-06-11	2
2014-06-12	11
2014-06-13	2
2014-06-14	7
2014-06-15	2
2014-06-16	5
2014-06-17	1
2014-06-18	2
2014-06-19	2
2014-06-20	1
2014-06-21	1
2014-06-22	2
2014-06-23	11
2014-06-24	2
2014-06-25	4
2014-06-26	1
2014-06-27	9
2014-06-28	4
2014-06-29	4
2014-06-30	1
2014-07-01	4
2014-07-02	2
2014-07-03	1
2014-07-04	2
2014-07-05	1
2014-07-06	12
2014-07-07	6
2014-07-08	2
2014-07-09	2
2014-07-10	2
2014-07-11	3
2014-07-12	2
2014-07-13	2
2014-07-14	3
2014-07-15	9
2014-07-16	4
2014-07-17	5
2014-07-18	1
2014-07-19	1
2014-07-20	9
2014-07-21	11
2014-07-22	6
2014-07-23	6
2014-07-24	5
2014-07-25	3
2014-07-26	2
2014-07-27	8
2014-07-28	3
2014-07-29	1
2014-07-30	1
2014-07-31	5
2014-08-01	5
2014-08-02	5
2014-08-03	4
2014-08-04	6
2014-08-05	2
2014-08-06	7
2014-08-07	16
2014-08-08	6
2014-08-09	8
2014-08-10	3
2014-08-11	8
2014-08-12	7
2014-08-13	15
2014-08-14	1
2014-08-15	11
2014-08-16	6
2014-08-17	12
2014-08-18	7
2014-08-19	553
2014-08-20	1
2014-08-21	9
2014-08-22	12
2014-08-23	1
2014-08-24	1
2014-08-25	6
2014-08-26	1
2014-08-27	1
2014-08-28	2
2014-08-29	8
2014-08-30	4
2014-08-31	6599
2014-09-01	7773
2014-09-02	6582
2014-09-03	5650
2014-09-04	5540
2014-09-05	5694
2014-09-06	6559
2014-09-07	6995
2014-09-08	5129
2014-09-09	5551
2014-09-10	94
2014-09-11	1489
2014-09-12	6142
2014-09-13	6830
2014-09-14	5341
2014-09-15	3111
2014-09-16	2000
2014-09-17	4516
2014-09-18	1726
2014-09-19	4843
2014-09-20	2037
2014-09-21	3802
2014-09-22	6857
2014-09-23	3831
2014-09-24	9
2014-09-25	1
2014-09-26	3
2014-09-27	55
2014-09-28	7
2014-09-29	12
2014-09-30	1008
2014-10-01	1
2014-10-02	170
2014-10-03	101
2014-10-04	494
2014-10-05	1
2014-10-06	178
2014-10-07	91
2014-10-08	24
2014-10-09	35
2014-10-10	5
2014-10-11	14
2014-10-12	21
2014-10-13	134
2014-10-14	6
2014-10-15	602
2014-10-16	1841
2014-10-17	1
2014-10-18	1
2014-10-19	561
2014-10-20	3
2014-10-21	1
2014-10-22	9
2014-10-23	1
2014-10-24	1436
2014-10-25	1
2014-10-26	23
2014-10-27	1153
2014-10-28	3511
2014-10-29	1351
2014-10-30	1
2014-10-31	174
2014-11-01	101
2014-11-02	1
2014-11-03	2
2014-11-04	9
2014-11-05	10
2014-11-06	1
2014-11-07	320
2014-11-08	3
2014-11-09	12
2014-11-10	9
2014-11-11	9
2014-11-12	2137
2014-11-13	7092
2014-11-14	5994
2014-11-15	4535
2014-11-16	1
2014-11-17	2
2014-11-18	1
2014-11-19	679
2014-11-20	5
2014-11-21	1
2014-11-22	1
2014-11-23	8
2014-11-24	8
2014-11-25	1
2014-11-26	10
2014-11-27	1
2014-11-28	1
2014-11-29	2
2014-11-30	2
2014-12-01	1
2014-12-02	8
2014-12-03	1
2014-12-04	1
2014-12-05	2
2014-12-06	1
2014-12-07	1
2014-12-08	2
2014-12-09	1
2014-12-10	1
2014-12-11	9
2014-12-12	1
2014-12-13	1
2014-12-14	2
2014-12-15	2
2014-12-16	1
2014-12-17	2
2014-12-18	2
2014-12-19	1
2014-12-20	219
2014-12-21	2
2014-12-22	9
2014-12-23	2
2014-12-24	1
2014-12-25	1
2014-12-26	9
2014-12-27	1
2014-12-28	1
2014-12-29	2
2014-12-30	23
2014-12-31	241
2015-01-01	30
2015-01-02	158
2015-01-03	1
2015-01-04	1
2015-01-05	1
2015-01-06	1
2015-01-07	1
2015-01-08	1
2015-01-09	1
2015-01-10	1
2015-01-11	7
2015-01-12	5
2015-01-13	1
2015-01-14	13
2015-01-15	1
2015-01-16	1
2015-01-17	2
2015-01-18	1
2015-01-19	201
2015-01-20	53
2015-01-21	1
2015-01-22	1
2015-01-23	1
2015-01-24	1
2015-01-25	1
2015-01-26	35
2015-01-27	7
2015-01-28	29
2015-01-29	1
2015-01-30	1
2015-01-31	2
2015-02-01	2
2015-02-02	3
2015-02-03	6
2015-02-04	1
2015-02-05	552
2015-02-06	1
2015-02-07	1
2015-02-08	1
2015-02-09	2
2015-02-10	1
2015-02-11	6
2015-02-12	2
2015-02-13	1
2015-02-14	5
2015-02-15	1
2015-02-16	3
2015-02-17	2
2015-02-18	1
2015-02-19	1
2015-02-20	2
2015-02-21	5
2015-02-22	1689
2015-02-23	629
2015-02-24	1517
2015-02-25	3162
2015-02-26	9
2015-02-27	1
2015-02-28	1
2015-03-01	29
2015-03-02	7
2015-03-03	1
2015-03-04	2
2015-03-05	11
2015-03-06	37
2015-03-07	9
2015-03-08	3
2015-03-09	2
2015-03-10	1
2015-03-11	8
2015-03-12	1
2015-03-13	2
2015-03-14	2
2015-03-15	1
2015-03-16	3
2015-03-17	1
2015-03-18	6098
2015-03-19	1
2015-03-20	5
2015-03-21	6
2015-03-22	3
2015-03-23	5
2015-03-24	2
2015-03-25	1
2015-03-26	2
2015-03-27	1
2015-03-28	1
2015-03-29	2
2015-03-30	3
2015-03-31	2
2015-04-01	9
2015-04-02	7
2015-04-03	4
2015-04-04	2
2015-04-05	2
2015-04-06	65
2015-04-07	1
2015-04-08	2
2015-04-09	1
2015-04-10	3
2015-04-11	3
2015-04-12	2
2015-04-13	4
2015-04-14	2
2015-04-15	3
2015-04-16	2
2015-04-17	5
2015-04-18	6997
2015-04-19	6074
2015-04-20	13
2015-04-21	4
2015-04-22	2
2015-04-23	12
2015-04-24	13
2015-04-25	6
2015-04-26	25
2015-04-27	103
2015-04-28	3
2015-04-29	1
2015-04-30	4
2015-05-01	5
2015-05-02	7
2015-05-03	1
2015-05-04	4
2015-05-05	4
2015-05-06	1
2015-05-07	8
2015-05-08	2
2015-05-09	1
2015-05-10	2
2015-05-11	5
2015-05-12	2
2015-05-13	1
2015-05-14	113
2015-05-15	207
2015-05-16	1
2015-05-17	7
2015-05-18	346
2015-05-19	29
2015-05-20	1411
2015-05-21	2
2015-05-22	1
2015-05-23	142
2015-05-24	54
2015-05-25	13
2015-05-26	6
2015-05-27	3287
2015-05-28	651
2015-05-29	4811
2015-05-30	8640
2015-05-31	1873
2015-06-01	1432
2015-06-02	1
2015-06-03	4
2015-06-04	9
2015-06-05	2969
2015-06-06	103
2015-06-07	177
2015-06-08	155
2015-06-09	1
2015-06-10	1
2015-06-11	19
2015-06-12	331
2015-06-13	7
2015-06-14	476
2015-06-15	8
2015-06-16	1
2015-06-17	13
2015-06-18	1
2015-06-19	2
2015-06-20	277
2015-06-21	1943
2015-06-22	16
2015-06-23	23
2015-06-24	72
2015-06-25	1
2015-06-26	1
2015-06-27	1
2015-06-28	1
2015-06-29	10
2015-06-30	1
2015-07-01	1
2015-07-02	6
2015-07-03	1
2015-07-04	2
2015-07-05	5
2015-07-06	5
2015-07-07	410
2015-07-08	1
2015-07-09	6
2015-07-10	1
2015-07-11	7
2015-07-12	17
2015-07-13	18
2015-07-14	9
2015-07-15	1
2015-07-16	9
2015-07-17	2
2015-07-18	3
2015-07-19	1
2015-07-20	4
2015-07-21	14
2015-07-22	1
2015-07-23	11
2015-07-24	2
2015-07-25	1
2015-07-26	1
2015-07-27	8
2015-07-28	4
2015-07-29	2
2015-07-30	2
2015-07-31	2
2015-08-01	18
2015-08-02	2
2015-08-03	8
2015-08-04	5
2015-08-05	2
2015-08-06	1
2015-08-07	1
2015-08-08	4
2015-08-09	51
2015-08-10	2
2015-08-11	1
2015-08-12	2
2015-08-13	1
2015-08-14	2
2015-08-15	4
2015-08-16	1
2015-08-17	1
2015-08-18	2
2015-08-19	1
2015-08-20	4
2015-08-21	1
2015-08-22	1
2015-08-23	4
2015-08-24	2
2015-08-25	4
2015-08-26	75
2015-08-27	7
2015-08-28	1
2015-08-29	150
2015-08-30	1
2015-08-31	74
2015-09-01	3
2015-09-02	12
2015-09-03	1
2015-09-04	3
2015-09-05	3
2015-09-06	1
2015-09-07	1
2015-09-08	1
2015-09-09	9
2015-09-10	3
2015-09-11	9
2015-09-12	1
2015-09-13	2
2015-09-14	2
2015-09-15	1
2015-09-16	2
2015-09-17	2
2015-09-18	10
2015-09-19	1
2015-09-20	3
2015-09-21	3
2015-09-22	2
2015-09-23	1
2015-09-24	3
2015-09-25	4
2015-09-26	3
2015-09-27	21
2015-09-28	3
2015-09-29	7
2015-09-30	1
2015-10-01	1
2015-10-02	8
2015-10-03	10
2015-10-04	12
2015-10-05	3
2015-10-06	3
2015-10-07	2
2015-10-08	3
2015-10-09	4
2015-10-10	6
2015-10-11	1
2015-10-12	3
2015-10-13	2
2015-10-14	1
2015-10-15	2
2015-10-16	1
2015-10-17	3
2015-10-18	1
2015-10-19	2
2015-10-20	1
2015-10-21	1
2015-10-22	4
2015-10-23	3
2015-10-24	3
2015-10-25	2
2015-10-26	3
2015-10-27	4
2015-10-28	4
2015-10-29	5
2015-10-30	3
2015-10-31	2
2015-11-01	2
2015-11-02	4
2015-11-04	1
2015-11-05	1
2015-11-06	2
2015-11-07	1
2015-11-08	1
2015-11-09	9
2015-11-10	200
2015-11-11	4
2015-11-12	3
2015-11-13	78
2015-11-14	3
2015-11-15	1
2015-11-16	2
2015-11-17	4
2015-11-18	42
2015-11-19	1
2015-11-20	5
2015-11-21	2150
2015-11-22	8386
2015-11-23	7997
2015-11-24	8182
2015-11-25	3302
2015-11-26	8410
2015-11-27	7490
2015-11-28	4420
2015-11-29	2
2015-11-30	2
2015-12-01	11
2015-12-02	5
2015-12-03	1
2015-12-04	2
2015-12-05	6
2015-12-06	2
2015-12-07	2
2015-12-08	1
2015-12-09	5
2015-12-10	6
2015-12-11	2
2015-12-12	2
2015-12-13	2
2015-12-14	4
2015-12-15	4
2015-12-16	1
2015-12-17	9
2015-12-18	4
2015-12-19	2
2015-12-20	12
2015-12-21	3
2015-12-22	1
2015-12-23	7
2015-12-24	1
2015-12-25	2
2015-12-26	3
2015-12-27	3
2015-12-28	4
2015-12-29	11
2015-12-30	246
2015-12-31	8
2016-01-01	4
2016-01-02	5
2016-01-03	1
2016-01-04	1
2016-01-05	2
2016-01-06	3
2016-01-07	4
2016-01-08	5
2016-01-09	2
2016-01-10	5
2016-01-11	5
2016-01-12	4
2016-01-13	6
2016-01-14	1
2016-01-15	19
2016-01-16	7
2016-01-17	3
2016-01-18	10
2016-01-19	14
2016-01-20	1
2016-01-21	7
2016-01-22	17
2016-01-23	2
2016-01-24	5
2016-01-25	3
2016-01-26	2
2016-01-27	11
2016-01-28	1
2016-01-29	11
2016-01-31	1
2016-02-01	4
2016-02-02	2
2016-02-03	1
2016-02-04	1
2016-02-05	2
2016-02-06	26
2016-02-07	20
2016-02-08	2
2016-02-09	5
2016-02-10	1
2016-02-11	6
2016-02-12	4
2016-02-13	4
2016-02-15	3
2016-02-16	12
2016-02-17	3
2016-02-18	7
2016-02-19	28
2016-02-20	1
2016-02-21	7
2016-02-22	6
2016-02-23	1
2016-02-24	2
2016-02-25	2
2016-02-26	3
2016-02-27	3
2016-02-28	6
2016-02-29	26
2016-03-01	4
2016-03-02	25
2016-03-03	15
2016-03-04	2
2016-03-05	5
2016-03-06	2
2016-03-07	3
2016-03-08	3
2016-03-09	8
2016-03-10	12
2016-03-11	190
2016-03-12	3
2016-03-13	8
2016-03-14	2
2016-03-15	4
2016-03-16	4
2016-03-17	4
2016-03-18	4
2016-03-19	4
2016-03-20	7
2016-03-21	2
2016-03-22	10
2016-03-23	1
2016-03-24	1
2016-03-25	5
2016-03-26	5
2016-03-27	8
2016-03-28	6
2016-03-29	10
2016-03-30	4
2016-03-31	3
2016-04-01	4
2016-04-02	11
2016-04-03	1
2016-04-04	17
2016-04-05	9
2016-04-06	2
2016-04-07	11
2016-04-08	3
2016-04-09	1
2016-04-10	4
2016-04-11	5
2016-04-12	15
2016-04-13	2
2016-04-14	14
2016-04-15	4
2016-04-16	1
2016-04-17	4
2016-04-18	25
2016-04-19	69
2016-04-20	1
2016-04-21	1771
2016-04-22	4
2016-04-23	5
2016-04-24	124
2016-04-25	4
2016-04-26	3
2016-04-27	3
2016-04-29	17
2016-04-30	4
2016-05-01	1
2016-05-02	1
2016-05-03	30
2016-05-04	1
2016-05-05	1
2016-05-06	1
2016-05-07	6
2016-05-08	2
2016-05-09	2
2016-05-10	22
2016-05-11	3
2016-05-12	8
2016-05-13	25
2016-05-14	1
2016-05-15	1
2016-05-16	1
2016-05-17	1
2016-05-18	41
2016-05-19	430
2016-05-20	311
2016-05-21	304
2016-05-22	415
2016-05-23	5
2016-05-24	146
2016-05-25	8
2016-05-27	5
2016-05-28	4
2016-05-29	3
2016-05-30	4
2016-05-31	233
2016-06-01	1
2016-06-02	8
2016-06-03	9
2016-06-04	7
2016-06-05	3
2016-06-06	2
2016-06-07	3
2016-06-08	2
2016-06-09	3
2016-06-10	8
2016-06-11	1
2016-06-12	4
2016-06-13	4
2016-06-14	1
2016-06-15	5
2016-06-16	3
2016-06-17	2
2016-06-18	4
2016-06-19	2
2016-06-20	6
2016-06-21	7
2016-06-22	11
2016-06-23	5
2016-06-24	1
2016-06-25	4
2016-06-26	2
2016-06-27	81
2016-06-28	161
2016-06-29	9
2016-06-30	9
2016-07-01	7
2016-07-02	2
2016-07-03	2
2016-07-04	235
2016-07-05	4
2016-07-06	1
2016-07-07	8
2016-07-08	516
2016-07-09	6
2016-07-10	1
2016-07-11	25
2016-07-12	7
2016-07-13	231
2016-07-14	3
2016-07-15	8
2016-07-16	84
2016-07-17	1256
2016-07-18	917
2016-07-19	208
2016-07-20	434
2016-07-21	5
2016-07-22	3
2016-07-23	262
2016-07-24	9
2016-07-25	4
2016-07-26	10
2016-07-27	3
2016-07-28	2
2016-07-29	4
2016-07-30	6
2016-07-31	3
2016-08-01	3
2016-08-02	3
2016-08-03	8
2016-08-04	5
2016-08-05	2
2016-08-06	159
2016-08-07	4
2016-08-08	2
2016-08-09	14
2016-08-10	2
2016-08-11	1
2016-08-12	3
2016-08-13	4
2016-08-14	3
2016-08-15	3
2016-08-16	6
2016-08-17	3
2016-08-18	14
2016-08-19	4
2016-08-20	9
2016-08-21	2
2016-08-22	4
2016-08-23	5
2016-08-24	3
2016-08-25	5
2016-08-26	2
2016-08-27	8
2016-08-28	10
2016-08-29	20
2016-08-30	2
2016-08-31	9
2016-09-01	1
2016-09-02	2
2016-09-03	118
2016-09-04	1
2016-09-05	2
2016-09-06	18
2016-09-07	1
2016-09-08	2
2016-09-09	1
2016-09-10	12
2016-09-11	6
2016-09-12	7
2016-09-13	3
2016-09-14	2
2016-09-15	5
2016-09-16	1
2016-09-17	16
2016-09-18	39
2016-09-19	2
2016-09-20	6
2016-09-21	1
2016-09-22	1
2016-09-23	3
2016-09-24	4
2016-09-25	5
2016-09-26	6
2016-09-27	7
2016-09-28	4
2016-09-29	2
2016-09-30	6
2016-10-01	9
2016-10-02	2
2016-10-03	8
2016-10-04	2
2016-10-05	296
2016-10-06	277
2016-10-07	360
2016-10-08	18
2016-10-09	12
2016-10-10	4
2016-10-11	8
2016-10-12	4
2016-10-13	3
2016-10-14	4
2016-10-15	17
2016-10-16	1
2016-10-17	22
2016-10-18	61
2016-10-19	58
2016-10-20	1
2016-10-21	5
2016-10-22	2
2016-10-23	37
2016-10-24	32
2016-10-25	10
2016-10-26	36
2016-10-27	170
2016-10-28	64
2016-10-29	83
2016-10-30	89
2016-10-31	47
2016-11-01	2
2016-11-02	7
2016-11-03	15
2016-11-04	61
2016-11-05	5
2016-11-06	10
2016-11-07	471
2016-11-08	17
2016-11-09	14
2016-11-11	1
2016-11-12	1
2016-11-13	71
2016-11-14	7
2016-11-15	854
2016-11-16	6
2016-11-18	3
2016-11-19	75
2016-11-20	14
2016-11-21	3
2016-11-22	2
2016-11-23	6
2016-11-24	3
2016-11-25	3
2016-11-26	362
2016-11-27	18
2016-11-28	3
2016-11-29	15
2016-11-30	3
2016-12-01	13
2016-12-02	12
2016-12-03	19
2016-12-04	8
2016-12-05	2
2016-12-06	2
2016-12-07	281
2016-12-08	327
2016-12-09	4
2016-12-10	16
2016-12-11	1
2016-12-12	2
2016-12-13	1
2016-12-14	4
2016-12-15	1
2016-12-16	1
2016-12-17	7
2016-12-18	1
2016-12-19	2
2016-12-20	1108
2016-12-21	1
2016-12-22	2
2016-12-23	2
2016-12-24	334
2016-12-25	4
2016-12-26	1
2016-12-27	16
2016-12-28	1616
2016-12-29	537
2016-12-30	72
2016-12-31	4
2017-01-01	109
2017-01-02	1297
2017-01-03	1
2017-01-04	12
2017-01-05	2
2017-01-06	2787
2017-01-07	4934
2017-01-08	164
2017-01-09	6
2017-01-10	3
2017-01-11	9
2017-01-12	1
2017-01-13	38
2017-01-14	82
2017-01-15	113
2017-01-16	70
2017-01-17	563
2017-01-18	426
2017-01-19	48
2017-01-20	246
2017-01-21	342
2017-01-22	7
2017-01-23	353
2017-01-24	329
2017-01-25	457
2017-01-26	4036
2017-01-27	6228
2017-01-28	7086
2017-01-29	5346
2017-01-30	7216
2017-01-31	8081
2017-02-01	8348
2017-02-02	8368
2017-02-03	8446
2017-02-04	8117
2017-02-05	8348
2017-02-06	4616
2017-02-07	241
2017-02-08	196
2017-02-09	116
2017-02-10	7
2017-02-11	18
2017-02-12	75
2017-02-13	119
2017-02-14	10
2017-02-15	357
2017-02-16	204
2017-02-17	2
2017-02-18	26
2017-02-19	2
2017-02-20	4
2017-02-21	30
2017-02-22	1
2017-02-23	2
2017-02-24	7
2017-02-25	1
2017-02-26	2
2017-02-27	13
2017-02-28	3
2017-03-01	2
2017-03-02	5
2017-03-03	1
2017-03-04	2
2017-03-05	2
2017-03-06	336
2017-03-07	2
2017-03-08	1
2017-03-09	3
2017-03-10	9
2017-03-11	13
2017-03-12	11
2017-03-13	158
2017-03-14	2278
2017-03-15	20
2017-03-16	6
2017-03-17	7
2017-03-18	3
2017-03-19	5
2017-03-20	13
2017-03-21	1
2017-03-22	8
2017-03-23	2
2017-03-24	47
2017-03-25	480
2017-03-26	484
2017-03-27	3
2017-03-28	9
2017-03-29	1
2017-03-30	1
2017-03-31	1
2017-04-01	6
2017-04-02	36
2017-04-03	18
2017-04-04	1
2017-04-05	2
2017-04-06	1
2017-04-07	45
2017-04-08	1
2017-04-09	3
2017-04-10	12
2017-04-11	13
2017-04-12	11
2017-04-13	6
2017-04-14	19
2017-04-15	14
2017-04-16	15
2017-04-17	8
2017-04-18	17
2017-04-19	5
2017-04-20	15
2017-04-21	28
2017-04-22	15
2017-04-23	7
2017-04-24	15
2017-04-25	3
2017-04-26	373
2017-04-27	7
2017-04-28	11
2017-04-29	24
2017-04-30	2
2017-05-01	3
2017-05-02	6
2017-05-03	53
2017-05-04	1
2017-05-05	5
2017-05-06	1
2017-05-07	12
2017-05-08	910
2017-05-09	3
2017-05-10	16
2017-05-11	1203
2017-05-12	6
2017-05-13	5
2017-05-14	6
2017-05-15	4
2017-05-16	5
2017-05-17	2
2017-05-18	7
2017-05-19	2
2017-05-20	3
2017-05-21	5
2017-05-22	4
2017-05-23	9
2017-05-24	1
2017-05-25	1
2017-05-26	4
2017-05-27	3
2017-05-28	5
2017-05-29	4
2017-05-30	2
2017-05-31	1
2017-06-01	2
2017-06-02	1
2017-06-03	1250
2017-06-04	162
2017-06-05	148
2017-06-06	1648
2017-06-07	20
2017-06-08	2
2017-06-09	1
2017-06-10	7
2017-06-11	3
2017-06-12	4
2017-06-13	5
2017-06-14	1
2017-06-15	7
2017-06-16	1
2017-06-17	8
2017-06-18	6
2017-06-19	6
2017-06-20	3
2017-06-21	10
2017-06-22	1
2017-06-23	1
2017-06-24	8
2017-06-25	4
2017-06-26	201
2017-06-27	1
2017-06-28	1
2017-06-29	2
2017-06-30	3
2017-07-01	3
2017-07-02	4
2017-07-03	8
2017-07-04	9
2017-07-05	6
2017-07-06	3
2017-07-07	1
2017-07-08	4
2017-07-09	3
2017-07-10	5
2017-07-11	8
2017-07-12	3
2017-07-13	12
2017-07-14	3
2017-07-15	12
2017-07-16	2
2017-07-17	2
2017-07-18	1
2017-07-19	21
2017-07-20	4
2017-07-21	2
2017-07-22	9
2017-07-23	6
2017-07-24	2
2017-07-25	5
2017-07-26	1
2017-07-27	4
2017-07-28	1
2017-07-29	1
2017-07-30	11
2017-07-31	4
2017-08-01	3
2017-08-02	2
2017-08-03	5
2017-08-04	5
2017-08-05	5
2017-08-06	1
2017-08-07	9
2017-08-08	1
2017-08-09	1
2017-08-10	1
2017-08-11	2
2017-08-12	11
2017-08-13	2
2017-08-14	9
2017-08-15	14
2017-08-16	1
2017-08-17	3
2017-08-18	1
2017-08-19	10
2017-08-20	7
2017-08-21	3
2017-08-22	1
2017-08-23	23
2017-08-24	3
2017-08-25	8
2017-08-26	14
2017-08-27	2
2017-08-28	4
2017-08-29	5
2017-08-30	1
2017-08-31	1
2017-09-01	1
2017-09-02	12
2017-09-03	1
2017-09-04	6
2017-09-05	9
2017-09-06	2
2017-09-07	1
2017-09-08	4
2017-09-09	6
2017-09-10	9
2017-09-11	10
2017-09-12	3
2017-09-13	1
2017-09-14	2
2017-09-15	5
2017-09-16	1
2017-09-17	5
2017-09-18	6
2017-09-19	6
2017-09-20	2
2017-09-21	6
2017-09-22	1
2017-09-23	3
2017-09-24	15
2017-09-25	4
2017-09-26	3
2017-09-27	10
2017-09-28	1
2017-09-29	3
2017-09-30	8
2017-10-01	2
2017-10-02	12
2017-10-03	6
2017-10-04	2
2017-10-05	24
2017-10-06	1
2017-10-07	6
2017-10-08	4
2017-10-09	5
2017-10-10	7
2017-10-11	1
2017-10-12	3
2017-10-13	2
2017-10-14	8
2017-10-15	1
2017-10-16	3
2017-10-17	1
2017-10-18	26
2017-10-19	3
2017-10-20	7
2017-10-21	2
2017-10-22	1
2017-10-23	7
2017-10-24	7
2017-10-25	2
2017-10-26	2
2017-10-27	3
2017-10-28	23
2017-10-29	1
2017-10-30	7
2017-10-31	4
2017-11-01	4
2017-11-02	1
2017-11-03	1
2017-11-04	183
2017-11-05	9
2017-11-06	5
2017-11-07	1
2017-11-08	1
2017-11-09	4
2017-11-10	2
2017-11-11	1
2017-11-12	15
2017-11-13	3
2017-11-14	1
2017-11-15	10
2017-11-16	349
2017-11-17	3
2017-11-18	1289
2017-11-19	908
2017-11-20	1266
2017-11-21	7
2017-11-22	1
2017-11-23	3
2017-11-24	5
2017-11-25	1
2017-11-26	1
2017-11-27	12
2017-11-28	4
2017-11-29	1
2017-11-30	4
2017-12-01	6
2017-12-02	1
2017-12-03	5
2017-12-04	16
2017-12-05	3
2017-12-06	9
2017-12-07	5
2017-12-08	4
2017-12-09	58
2017-12-10	16
2017-12-11	15
2017-12-12	12
2017-12-13	11
2017-12-14	2
2017-12-15	3
2017-12-16	7
2017-12-17	8
2017-12-18	9
2017-12-19	1
2017-12-20	66
2017-12-21	13
2017-12-22	34
2017-12-23	1
2017-12-24	6
2017-12-25	7
2017-12-26	23
2017-12-27	49
2017-12-28	7
2017-12-29	11
2017-12-30	5
2017-12-31	5
2018-01-01	9
2018-01-02	1
2018-01-03	1
2018-01-04	1
2018-01-05	1
2018-01-06	9
2018-01-07	9
2018-01-08	3
2018-01-09	5
2018-01-10	1
2018-01-11	3
2018-01-12	1
2018-01-13	1
2018-01-14	3
2018-01-15	7
2018-01-16	1
2018-01-17	1
2018-01-18	13
2018-01-19	1
2018-01-20	141
2018-01-21	3
2018-01-22	6
2018-01-23	1
2018-01-24	3
2018-01-25	5
2018-01-26	1
2018-01-27	7
2018-01-28	8
2018-01-29	9
2018-01-30	4
2018-01-31	33
2018-02-01	36
2018-02-02	15
2018-02-03	5431
2018-02-04	1
2018-02-05	7
2018-02-06	1
2018-02-07	5
2018-02-08	2
2018-02-09	19
2018-02-10	2
2018-02-11	7
2018-02-12	10
2018-02-13	3
2018-02-14	5
2018-02-15	11
2018-02-16	2
2018-02-17	8
2018-02-18	1
2018-02-19	11
2018-02-20	8
2018-02-21	5
2018-02-22	1
2018-02-23	2
2018-02-24	1
2018-02-25	6
2018-02-26	3
2018-02-27	8
2018-02-28	1
2018-03-01	22
2018-03-02	3
2018-03-03	1
2018-03-04	1
2018-03-05	9
2018-03-06	1
2018-03-07	6
2018-03-08	10
2018-03-09	38
2018-03-10	1
2018-03-11	3
2018-03-12	43
2018-03-13	3
2018-03-14	6
2018-03-15	9
2018-03-16	1
2018-03-17	19
2018-03-18	4
2018-03-19	8
2018-03-20	6
2018-03-21	4
2018-03-22	3
2018-03-23	35
2018-03-24	6
2018-03-25	1
2018-03-26	17
2018-03-27	1
2018-03-28	8
2018-03-29	46
2018-03-30	10
2018-03-31	2
2018-04-01	7
2018-04-02	15
2018-04-03	8
2018-04-04	1
2018-04-05	18
2018-04-06	1
2018-04-07	1
2018-04-08	16
2018-04-09	3
2018-04-10	299
2018-04-11	1
2018-04-12	243
2018-04-13	20
2018-04-14	16
2018-04-15	7
2018-04-16	6
2018-04-17	7
2018-04-18	2
2018-04-19	5
2018-04-20	19
2018-04-21	2
2018-04-22	2
2018-04-23	7
2018-04-24	19
2018-04-25	9
2018-04-26	16
2018-04-27	7
2018-04-28	5
2018-04-29	11
2018-04-30	4
2018-05-01	19
2018-05-02	3
2018-05-03	6
2018-05-04	1
2018-05-05	9
2018-05-06	6
2018-05-07	6
2018-05-08	14
2018-05-09	131
2018-05-10	3
2018-05-11	7
2018-05-12	9
2018-05-13	2
2018-05-14	6
2018-05-15	4
2018-05-16	1
2018-05-17	19
2018-05-18	4
2018-05-19	15
2018-05-20	7
2018-05-21	8
2018-05-22	4
2018-05-23	4
2018-05-24	18
2018-05-25	12
2018-05-26	4
2018-05-27	11
2018-05-28	2
2018-05-29	33
2018-05-30	3
2018-05-31	9
2018-06-01	2
2018-06-02	2
2018-06-03	10
2018-06-04	12
2018-06-05	10
2018-06-06	12
2018-06-07	14
2018-06-08	5
2018-06-09	6
2018-06-10	12
2018-06-11	7
2018-06-12	3
2018-06-13	1
2018-06-14	31
2018-06-15	7
2018-06-16	14
2018-06-17	1
2018-06-18	6
2018-06-19	7
2018-06-20	2
2018-06-21	1
2018-06-22	26
2018-06-23	64
2018-06-24	198
2018-06-25	4
2018-06-26	2
2018-06-27	3
2018-06-28	3
2018-06-29	1
2018-06-30	2
2018-07-01	2
2018-07-02	7
2018-07-03	5
2018-07-04	1
2018-07-05	3
2018-07-06	3
2018-07-07	6
2018-07-08	4
2018-07-09	7
2018-07-10	3
2018-07-11	1
2018-07-12	2
2018-07-13	5
2018-07-14	2
2018-07-15	4
2018-07-16	10
2018-07-17	2
2018-07-18	1
2018-07-19	16
2018-07-20	3
2018-07-21	11
2018-07-22	13
2018-07-23	5
2018-07-24	6
2018-07-25	2
2018-07-26	3
2018-07-27	1
2018-07-28	6
2018-07-29	3
2018-07-30	7
2018-07-31	14
2018-08-01	1
2018-08-02	12
2018-08-03	4
2018-08-04	154
2018-08-05	8
2018-08-06	8
2018-08-07	8
2018-08-08	153
2018-08-09	84
2018-08-10	40
2018-08-11	29
2018-08-12	1
2018-08-13	9
2018-08-14	5
2018-08-15	2
2018-08-16	75
2018-08-17	87
2018-08-18	1
2018-08-19	8
2018-08-20	7
2018-08-21	1
2018-08-22	2
2018-08-23	9
2018-08-24	2
2018-08-25	1
2018-08-26	4
2018-08-27	7
2018-08-28	5
2018-08-29	1
2018-08-30	2
2018-08-31	4
2018-09-01	7
2018-09-02	192
2018-09-03	5
2018-09-04	6
2018-09-05	1
2018-09-06	62
2018-09-07	10
2018-09-08	29
2018-09-09	5
2018-09-10	25
2018-09-11	5
2018-09-12	1
2018-09-13	1
2018-09-14	2
2018-09-15	7
2018-09-16	5
2018-09-17	129
2018-09-18	2
2018-09-19	29
2018-09-20	2681
2018-09-21	36
2018-09-22	39
2018-09-23	178
2018-09-24	165
2018-09-25	82
2018-09-26	2
2018-09-27	1
2018-09-28	186
2018-09-29	1
2018-09-30	5
2018-10-01	9
2018-10-02	162
2018-10-03	2
2018-10-04	7
2018-10-05	5
2018-10-06	1
2018-10-07	136
2018-10-08	5
2018-10-09	76
2018-10-10	5
2018-10-11	10
2018-10-12	1
2018-10-13	11
2018-10-14	3
2018-10-15	6
2018-10-16	11
2018-10-17	2
2018-10-18	13
2018-10-19	294
2018-10-20	14
2018-10-21	1
2018-10-22	15
2018-10-23	23
2018-10-24	2
2018-10-25	178
2018-10-26	4
2018-10-27	117
2018-10-28	33
2018-10-29	5
2018-10-30	6
2018-10-31	3
2018-11-01	243
2018-11-02	3
2018-11-03	3
2018-11-04	94
2018-11-05	11
2018-11-06	2
2018-11-07	6
2018-11-08	3
2018-11-09	6
2018-11-10	9
2018-11-11	10
2018-11-12	7
2018-11-13	14
2018-11-14	1
2018-11-15	1
2018-11-16	3242
2018-11-17	1806
2018-11-18	5
2018-11-19	73
2018-11-20	2
2018-11-21	14
2018-11-22	4
2018-11-23	463
2018-11-24	234
2018-11-25	9
2018-11-26	6
2018-11-27	846
2018-11-28	16
2018-11-29	1
2018-11-30	278
2018-12-01	3
2018-12-02	2
2018-12-03	23
2018-12-04	2
2018-12-05	1
2018-12-06	3
2018-12-07	6
2018-12-08	26
2018-12-09	18
2018-12-10	8
2018-12-11	6
2018-12-12	3
2018-12-13	42
2018-12-14	1
2018-12-15	1
2018-12-16	9
2018-12-17	10
2018-12-18	1
2018-12-19	17
2018-12-20	1
2018-12-21	4
2018-12-22	2
2018-12-23	3
2018-12-24	3
2018-12-25	13
2018-12-26	1
2018-12-27	3
2018-12-28	2
2018-12-29	2
2018-12-30	1
2018-12-31	6
2019-01-01	5
2019-01-02	1
2019-01-03	1
2019-01-04	2
2019-01-05	1
2019-01-06	6
2019-01-07	10
2019-01-08	4
2019-01-09	1
2019-01-10	4
2019-01-11	1
2019-01-12	11
2019-01-13	10
2019-01-14	7
2019-01-15	3
2019-01-16	3
2019-01-17	7
2019-01-18	1
2019-01-19	3
2019-01-20	176
2019-01-21	6
2019-01-22	118
2019-01-23	1
2019-01-24	1
2019-01-25	1
2019-01-26	3
2019-01-27	1
2019-01-28	7
2019-01-29	1
2019-01-30	1
2019-01-31	8
2019-02-01	1
2019-02-02	1
2019-02-03	4
2019-02-04	7
2019-02-05	7
2019-02-06	1
2019-02-09	2
2019-02-10	2
2019-02-11	8
2019-02-12	2
2019-02-13	3
2019-02-14	5
2019-02-15	3
2019-02-16	1
2019-02-17	2
2019-02-18	7
2019-02-19	1
2019-02-20	4
2019-02-21	11
2019-02-22	175
2019-02-23	143
2019-02-24	413
2019-02-25	14
2019-02-26	1
2019-02-27	1
2019-02-28	2
2019-03-01	2
2019-03-02	2
2019-03-03	1
2019-03-04	7
2019-03-05	1
2019-03-06	1
2019-03-07	9
2019-03-08	3
2019-03-09	1
2019-03-10	1
2019-03-11	5
2019-03-12	1
2019-03-13	2
2019-03-14	1
2019-03-15	4
2019-03-16	5
2019-03-17	5
2019-03-18	15
2019-03-19	4
2019-03-20	1
2019-03-21	1
2019-03-22	2
2019-03-23	2
2019-03-24	1
2019-03-25	5
2019-03-26	5
2019-03-27	1
2019-03-28	1
2019-03-29	1
2019-03-30	5
2019-03-31	7
2019-04-01	5
2019-04-02	2
2019-04-03	4
2019-04-04	6
2019-04-05	2
2019-04-06	4
2019-04-07	6
2019-04-08	39
2019-04-09	1
2019-04-10	7
2019-04-11	1
2019-04-12	5
2019-04-13	2
2019-04-14	4
2019-04-15	4
2019-04-16	6
2019-04-17	1
2019-04-18	2
2019-04-19	8
2019-04-20	1
2019-04-21	6
2019-04-22	5
2019-04-23	4
2019-04-24	8
2019-04-25	3
2019-04-26	12
2019-04-27	2
2019-04-28	3
2019-04-29	13
2019-04-30	2
2019-05-01	5
2019-05-02	2
2019-05-03	1
2019-05-04	2
2019-05-05	2
2019-05-06	4
2019-05-07	2
2019-05-08	2
2019-05-09	3
2019-05-10	8
2019-05-11	9
2019-05-12	79
2019-05-13	15
2019-05-14	66
2019-05-15	4
2019-05-16	6
2019-05-17	4
2019-05-18	6
2019-05-19	23
2019-05-20	20
2019-05-21	7
2019-05-22	32
2019-05-23	26
2019-05-24	14
2019-05-25	11
2019-05-26	9
2019-05-27	95
2019-05-28	113
2019-05-29	4
2019-05-30	6
2019-05-31	11
2019-06-01	10
2019-06-02	3
2019-06-03	3
2019-06-04	13
2019-06-05	9
2019-06-06	6
2019-06-07	3
2019-06-08	3
2019-06-09	18
2019-06-10	44
2019-06-11	3
2019-06-12	1
2019-06-13	8
2019-06-14	5
2019-06-15	8
2019-06-16	2
2019-06-17	6
2019-06-18	1
2019-06-19	5
2019-06-20	2
2019-06-21	3
2019-06-22	3
2019-06-23	3
2019-06-24	47
2019-06-25	3
2019-06-26	4
2019-06-27	19
2019-06-28	10
2019-06-29	1
2019-06-30	6
2019-07-01	79
2019-07-02	1
2019-07-03	1
2019-07-04	24
2019-07-05	1
2019-07-06	32
2019-07-07	85
2019-07-08	7
2019-07-09	7
2019-07-10	18
2019-07-11	2
2019-07-12	1
2019-07-13	4
2019-07-14	59
2019-07-15	5
2019-07-16	125
2019-07-17	6
2019-07-18	1
2019-07-19	90
2019-07-20	2
2019-07-21	6
2019-07-22	6
2019-07-23	4
2019-07-24	9
2019-07-25	6
2019-07-26	1
2019-07-27	2
2019-07-28	17
2019-07-29	5
2019-07-30	1
2019-07-31	2
2019-08-01	1
2019-08-02	1
2019-08-03	2
2019-08-04	1
2019-08-05	5
2019-08-06	3
2019-08-07	1
2019-08-08	2
2019-08-09	1
2019-08-10	40
2019-08-11	3
2019-08-12	29
2019-08-13	6
2019-08-14	1
2019-08-15	2
2019-08-16	19
2019-08-17	5
2019-08-18	5
2019-08-19	91
2019-08-20	22
2019-08-21	72
2019-08-22	2
2019-08-24	3
2019-08-25	14
2019-08-26	42
2019-08-27	2
2019-08-28	41
2019-08-29	8
2019-08-30	10
2019-08-31	29
2019-09-01	8
2019-09-02	30
2019-09-03	3
2019-09-04	8
2019-09-05	3
2019-09-06	7
2019-09-07	11
2019-09-08	12
2019-09-09	36
2019-09-10	15
2019-09-11	2
2019-09-12	4
2019-09-13	8
2019-09-14	4
2019-09-15	25
2019-09-16	6
2019-09-17	1
2019-09-18	1
2019-09-19	3
2019-09-20	37
2019-09-21	1
2019-09-22	1
2019-09-24	2
2019-09-25	6
2019-09-27	4
2019-09-28	3
2019-09-29	1
2019-09-30	523
2019-10-01	683
2019-10-02	5
2019-10-03	2
2019-10-04	39
2019-10-05	2
2019-10-06	2
2019-10-07	5
2019-10-08	6
2019-10-09	2
2019-10-10	4
2019-10-11	5
2019-10-12	4
2019-10-13	14
2019-10-14	4
2019-10-15	2
2019-10-16	11
2019-10-17	2
2019-10-18	3
2019-10-19	14
2019-10-20	13
2019-10-21	4
2019-10-22	6
2019-10-23	586
2019-10-24	1
2019-10-25	3
2019-10-26	1
2019-10-27	2
2019-10-28	13
2019-10-29	4
2019-10-30	10
2019-10-31	5
2019-11-01	75
2019-11-02	7
2019-11-03	1
2019-11-04	13
2019-11-05	1
2019-11-06	3
2019-11-07	4
2019-11-08	11
2019-11-09	1
2019-11-10	1
2019-11-11	75
2019-11-12	2
2019-11-13	2
2019-11-14	8
2019-11-15	3
2019-11-16	6
2019-11-17	2
2019-11-18	5
2019-11-19	10
2019-11-20	2
2019-11-21	1
2019-11-22	4
2019-11-23	1
2019-11-24	1
2019-11-25	5
2019-11-26	1
2019-11-27	6
2019-11-28	2
2019-11-29	2
2019-11-30	1
2019-12-01	8
2019-12-02	6
2019-12-03	3
2019-12-04	2
2019-12-05	1
2019-12-06	2
2019-12-07	1
2019-12-08	1
2019-12-09	5
2019-12-10	3
2019-12-11	1
2019-12-12	7
2019-12-13	1
2019-12-14	5
2019-12-15	1
2019-12-16	6
2019-12-17	16
2019-12-18	7
2019-12-19	15
2019-12-20	1
2019-12-21	2
2019-12-22	5
2019-12-23	5
2019-12-24	3
2019-12-25	1
2019-12-26	1
2019-12-27	3
2019-12-28	3
2019-12-29	4
2019-12-30	1
2019-12-31	5
2020-01-01	4
2020-01-02	6
2020-01-03	8
2020-01-04	5
2020-01-05	1
2020-01-06	7
2020-01-07	3
2020-01-08	1
2020-01-09	1
2020-01-10	30
2020-01-11	3
2020-01-12	2
2020-01-13	5
2020-01-14	1
2020-01-15	20
2020-01-16	8
2020-01-17	1
2020-01-18	2
2020-01-19	5
2020-01-20	11
2020-01-21	2
2020-01-22	15
2020-01-23	1
2020-01-24	1
2020-01-25	8
2020-01-26	57
2020-01-27	8
2020-01-28	6
2020-01-29	3
2020-01-30	69
2020-01-31	27
2020-02-01	2
2020-02-02	184
2020-02-03	4
2020-02-04	18
2020-02-05	1
2020-02-06	1
2020-02-07	194
2020-02-08	1905
2020-02-09	1
2020-02-10	14
2020-02-11	5
2020-02-12	1
2020-02-13	10
2020-02-14	6
2020-02-15	1
2020-02-16	4
2020-02-17	5
2020-02-18	1
2020-02-19	9
2020-02-20	2
2020-02-21	1
2020-02-22	7
2020-02-23	2
2020-02-24	3
2020-02-25	5
2020-02-26	3
2020-02-27	51
2020-02-28	20
2020-02-29	5067
2020-03-01	2320
2020-03-02	12180
2020-03-03	15432
2020-03-04	11946
2020-03-05	10552
2020-03-06	3999
2020-03-07	5753
2020-03-08	3326
2020-03-09	48
2020-03-10	7
2020-03-11	2000
2020-03-12	4208
2020-03-13	1292
2020-03-14	741
2020-03-15	3094
2020-03-16	700
2020-03-17	58
2020-03-18	56
2020-03-19	21
2020-03-20	8
2020-03-21	114
2020-03-22	27
2020-03-23	5
2020-03-24	6
2020-03-25	85
2020-03-26	5
2020-03-27	83
2020-03-28	11
2020-03-29	5
2020-03-30	15
2020-03-31	3
2020-04-01	7
2020-04-02	5
2020-04-03	46
2020-04-04	6
2020-04-05	6
2020-04-06	9
2020-04-07	14
2020-04-08	70
2020-04-09	4432
2020-04-10	1986
2020-04-11	7
2020-04-12	4
2020-04-13	14
2020-04-14	3
2020-04-15	7
2020-04-16	16
2020-04-17	10
2020-04-18	97
2020-04-19	4
2020-04-20	16
2020-04-21	3
2020-04-22	84
2020-04-23	3
2020-04-24	3
2020-04-25	441
2020-04-26	12
2020-04-27	5
2020-04-28	8
2020-04-29	9
2020-04-30	9
2020-05-01	16
2020-05-02	3
2020-05-03	6
2020-05-04	6
2020-05-05	3
2020-05-06	4
2020-05-07	7
2020-05-08	3
2020-05-09	8
2020-05-10	9
2020-05-11	7
2020-05-12	5
2020-05-13	6
2020-05-14	3
2020-05-15	3
2020-05-16	7
2020-05-17	3
2020-05-18	5
2020-05-19	3
2020-05-20	5
2020-05-21	3
2020-05-22	3
2020-05-23	11
2020-05-24	3
2020-05-25	5
2020-05-26	5
2020-05-27	11
2020-05-28	11
2020-05-29	8
2020-05-30	10
2020-05-31	10
2020-06-01	17
2020-06-02	5
2020-06-03	5
2020-06-04	6
2020-06-05	8
2020-06-06	3
2020-06-07	10
2020-06-08	5
2020-06-09	13
2020-06-10	31
2020-06-11	16
2020-06-12	4
2020-06-13	21
2020-06-14	12743
2020-06-15	46307
2020-06-16	14933
2020-06-17	295
2020-06-18	76
2020-06-19	87
2020-06-20	98
2020-06-21	48
2020-06-22	61
2020-06-23	72
2020-06-24	37
2020-06-25	86
2020-06-26	44
2020-06-27	140
2020-06-28	38
2020-06-29	39
2020-06-30	47
2020-07-01	35
2020-07-02	70
2020-07-03	71
2020-07-04	44
2020-07-05	143
2020-07-06	50
2020-07-07	60
2020-07-08	47
2020-07-09	44
2020-07-10	48
2020-07-11	42
2020-07-12	46
2020-07-13	39
2020-07-14	61
2020-07-15	43
2020-07-16	45
2020-07-17	46
2020-07-18	46
2020-07-19	43
2020-07-20	53
2020-07-21	58
2020-07-22	61
2020-07-23	95
2020-07-24	268
2020-07-25	162
2020-07-26	48
2020-07-27	37
2020-07-28	48
2020-07-29	58
2020-07-30	30
2020-07-31	39
2020-08-01	51
2020-08-02	52
2020-08-03	213
2020-08-04	41
2020-08-05	40
2020-08-06	380
2020-08-07	52
2020-08-08	62
2020-08-09	67
2020-08-10	92
2020-08-11	22
2020-08-12	45
2020-08-13	23
2020-08-14	17
2020-08-15	23
2020-08-16	33
2020-08-17	36
2020-08-18	80
2020-08-19	42
2020-08-20	18
2020-08-21	128
2020-08-22	77
2020-08-23	31
2020-08-24	778
2020-08-25	1006
2020-08-26	508
2020-08-27	766
2020-08-28	1095
2020-08-29	423
2020-08-30	625
2020-08-31	800
2020-09-01	1906
2020-09-02	359
2020-09-03	287
2020-09-04	44
2020-09-05	162
2020-09-06	42
2020-09-07	481
2020-09-08	128
2020-09-09	7
2020-09-10	5
2020-09-11	17
2020-09-12	12
2020-09-13	67
2020-09-14	42
2020-09-15	185
2020-09-16	766
2020-09-17	575
2020-09-18	415
2020-09-19	1564
2020-09-20	1179
2020-09-21	1329
2020-09-22	1390
2020-09-23	656
2020-09-24	361
2020-09-25	1491
2020-09-26	617
2020-09-27	436
2020-09-28	226
2020-09-29	208
2020-09-30	443
2020-10-01	85
2020-10-02	145
2020-10-03	158
2020-10-04	56
2020-10-05	59
2020-10-06	91
2020-10-07	55
2020-10-08	182
2020-10-09	96
2020-10-10	70
2020-10-11	75
2020-10-12	81
2020-10-13	32
2020-10-14	16
2020-10-15	70
2020-10-16	84
2020-10-17	663
2020-10-18	96
2020-10-19	122
2020-10-20	34
2020-10-21	35
2020-10-22	12
2020-10-23	3
2020-10-24	3
2020-10-25	10
2020-10-26	7
2020-10-27	5
2020-10-28	5
2020-10-29	9
2020-10-30	8
2020-10-31	5
2020-11-01	9
2020-11-02	5
2020-11-03	3
2020-11-04	3
2020-11-05	3
2020-11-06	3
2020-11-07	6
2020-11-08	4
2020-11-09	6
2020-11-10	4
2020-11-11	4
2020-11-12	3
2020-11-13	7
2020-11-14	5
2020-11-15	5
2020-11-16	10
2020-11-17	4
2020-11-18	4
2020-11-19	4
2020-11-20	6
2020-11-21	3
2020-11-22	5
2020-11-23	5
2020-11-24	8
2020-11-25	4
2020-11-26	4
2020-11-27	8
2020-11-28	5
2020-11-29	4
2020-11-30	6
2020-12-01	11
2020-12-02	5
2020-12-03	5
2020-12-04	16
2020-12-05	5
2020-12-06	3
2020-12-07	10
2020-12-08	3
2020-12-09	3
2020-12-10	3
2020-12-11	5
2020-12-12	3
2020-12-13	7
2020-12-14	10
2020-12-15	4
2020-12-16	5
2020-12-17	4
2020-12-18	8
2020-12-19	3
2020-12-20	4
2020-12-21	4
2020-12-22	11
2020-12-23	15
2020-12-24	5
2020-12-25	10
2020-12-26	5
2020-12-27	3
2020-12-28	8
2020-12-29	115
2020-12-30	160
2020-12-31	157
2021-01-01	167
2021-01-02	115
2021-01-03	7
2021-01-04	9
2021-01-05	3
2021-01-06	3
2021-01-07	5
2021-01-08	16
2021-01-09	9
2021-01-10	14
2021-01-11	4
2021-01-12	10
2021-01-13	193
2021-01-14	191
2021-01-15	55
2021-01-16	143
2021-01-17	52
2021-01-18	65
2021-01-19	46
2021-01-20	40
2021-01-21	33
2021-01-22	30
2021-01-23	31
2021-01-24	18
2021-01-25	30
2021-01-26	19
2021-01-27	22
2021-01-28	20
2021-01-29	23
2021-01-30	22
2021-01-31	11
2021-02-01	16
2021-02-02	27
2021-02-03	16
2021-02-04	21
2021-02-05	8
2021-02-06	15
2021-02-07	18
2021-02-08	15
2021-02-09	14
2021-02-10	37
2021-02-11	13
2021-02-12	11
2021-02-13	28
2021-02-14	35
2021-02-15	10
2021-02-16	16
2021-02-17	15
2021-02-18	18
2021-02-19	13
2021-02-20	14
2021-02-21	9
2021-02-22	14
2021-02-23	12
2021-02-24	11
2021-02-25	9
2021-02-26	9
2021-02-27	10
2021-02-28	23
2021-03-01	315
2021-03-02	8
2021-03-03	11
2021-03-04	8
2021-03-05	11
2021-03-06	7
2021-03-07	10
2021-03-08	97
2021-03-09	16
2021-03-10	18
2021-03-11	8
2021-03-12	6
2021-03-13	28
2021-03-14	48
2021-03-15	6
2021-03-16	14
2021-03-17	7
2021-03-18	8
2021-03-19	11
2021-03-20	10
2021-03-21	11
2021-03-22	26
2021-03-23	19
2021-03-24	22
2021-03-25	13
2021-03-26	10
2021-03-27	12
2021-03-28	9
2021-03-29	15
2021-03-30	11
2021-03-31	12
2021-04-01	8
2021-04-02	10
2021-04-03	9
2021-04-04	11
2021-04-05	6
2021-04-06	6
2021-04-07	7
2021-04-08	3
2021-04-09	3
2021-04-10	10
2021-04-11	5
2021-04-12	7
2021-04-13	4
2021-04-14	10
2021-04-15	3
2021-04-16	3
2021-04-17	10
2021-04-18	5
2021-04-19	12
2021-04-20	9
2021-04-21	8
2021-04-22	12
2021-04-23	70
2021-04-24	78
2021-04-25	87
2021-04-26	71
2021-04-27	67
2021-04-28	31
2021-04-29	39
2021-04-30	32
2021-05-01	30
2021-05-02	8
2021-05-03	6
2021-05-04	102
2021-05-05	232
2021-05-06	855
2021-05-07	683
2021-05-08	30
2021-05-09	98
2021-05-10	85
2021-05-11	6
2021-05-12	7
2021-05-13	69
2021-05-14	14
2021-05-15	19
2021-05-16	29
2021-05-17	11
2021-05-18	5
2021-05-19	7
2021-05-20	10
2021-05-21	18
2021-05-22	21
2021-05-23	22
2021-05-24	11
2021-05-25	11
2021-05-26	12
2021-05-27	8
2021-05-28	12
2021-05-29	5
2021-05-30	11
2021-05-31	11
2021-06-01	12
2021-06-02	10
2021-06-03	10
2021-06-04	13
2021-06-05	6
2021-06-06	13
2021-06-07	20
2021-06-08	24
2021-06-09	19
2021-06-10	28
2021-06-11	13
2021-06-12	12
2021-06-13	40
2021-06-14	49
2021-06-15	14
2021-06-16	27
2021-06-17	21
2021-06-18	13
2021-06-19	14
2021-06-20	22
2021-06-21	10
2021-06-22	15
2021-06-23	10
2021-06-24	14
2021-06-25	18
2021-06-26	25
2021-06-27	52
2021-06-28	27
2021-06-29	18
2021-06-30	2468
2021-07-01	12
2021-07-02	15
2021-07-03	20
2021-07-04	14
2021-07-05	11
2021-07-06	13
2021-07-07	9
2021-07-08	8
2021-07-09	11
2021-07-10	8
2021-07-11	15
2021-07-12	16
2021-07-13	21
2021-07-14	39
2021-07-15	15
2021-07-16	19
2021-07-17	12
2021-07-18	11
2021-07-19	16
2021-07-20	8
2021-07-21	15
2021-07-22	12
2021-07-23	92
2021-07-24	6
2021-07-25	11
2021-07-26	13
2021-07-27	12
2021-07-28	17
2021-07-29	16
2021-07-30	9
2021-07-31	19
2021-08-01	15
2021-08-02	8
2021-08-03	18
2021-08-04	12
2021-08-05	26
2021-08-06	26
2021-08-07	16
2021-08-08	540
2021-08-09	24
2021-08-10	47
2021-08-11	54
2021-08-12	56
2021-08-13	34
2021-08-14	46
2021-08-15	24
2021-08-16	33
2021-08-17	30
2021-08-18	28
2021-08-19	146
2021-08-20	58
2021-08-21	99
2021-08-22	6
2021-08-23	58
2021-08-24	108
2021-08-25	225
2021-08-26	370
2021-08-27	211
2021-08-28	132
2021-08-29	130
2021-08-30	131
2021-08-31	127
2021-09-01	72
2021-09-02	38
2021-09-03	39
2021-09-04	128
2021-09-05	170
2021-09-06	121
2021-09-07	129
2021-09-08	101
2021-09-09	48
2021-09-10	5
2021-09-11	6
2021-09-12	5
2021-09-13	27
2021-09-14	3
2021-09-15	5
2021-09-16	8
2021-09-17	3
2021-09-18	3
2021-09-19	4
2021-09-20	5
2021-09-21	34
2021-09-22	114
2021-09-23	131
2021-09-24	165
2021-09-25	131
2021-09-26	10
2021-09-27	18
2021-09-28	21
2021-09-29	11
2021-09-30	16
2021-10-01	20
2021-10-02	15
2021-10-03	15
2021-10-04	19
2021-10-05	22
2021-10-06	1
2021-10-07	3
2021-10-08	1
2021-10-09	1
2021-10-10	8
2021-10-11	2
2021-10-12	6
2021-10-13	28
2021-10-14	1
2021-10-15	13
2021-10-16	1
2021-10-17	1
2021-10-18	2
2021-10-19	3
2021-10-20	3
2021-10-21	9
2021-10-22	9
2021-10-23	11
2021-10-24	4
2021-10-25	5
2021-10-26	10
2021-10-27	4
2021-10-28	1
2021-10-29	14
2021-10-30	46
2021-10-31	4
2021-11-01	7
2021-11-02	6
2021-11-03	32
2021-11-04	1
2021-11-05	1
2021-11-06	1
2021-11-07	1
2021-11-08	3
2021-11-09	6
2021-11-10	2
2021-11-11	9
2021-11-12	15
2021-11-13	5
2021-11-14	32
2021-11-15	20
2021-11-16	64
2021-11-17	3400
2021-11-18	1005
2021-11-19	601
2021-11-20	8
2021-11-21	1
2021-11-22	9
2021-11-23	18
2021-11-24	26
2021-11-25	33
2021-11-26	39
2021-11-27	5
2021-11-28	1
2021-11-29	4
2021-11-30	15
2021-12-01	1
2021-12-02	254
2021-12-03	143
2021-12-04	1
2021-12-05	1
2021-12-06	24
2021-12-07	13
2021-12-08	2
2021-12-09	2
2021-12-10	5
2021-12-11	1
2021-12-12	1
2021-12-13	103
2021-12-14	40
2021-12-15	1
2021-12-16	2
2021-12-17	1
2021-12-18	41
2021-12-19	103
2021-12-20	91
2021-12-21	57
2021-12-22	155
2021-12-23	208
2021-12-24	140
2021-12-25	163
2021-12-26	45
2021-12-27	46
2021-12-28	72
2021-12-29	45
2021-12-30	84
2021-12-31	80
2022-01-01	99
2022-01-02	116
2022-01-03	94
2022-01-04	113
2022-01-05	64
2022-01-06	47
2022-01-07	21
2022-01-08	12
2022-01-09	11
2022-01-10	18
2022-01-11	8
2022-01-12	10
2022-01-13	41
2022-01-14	23
2022-01-15	25
2022-01-16	18
2022-01-17	13
2022-01-18	11
2022-01-19	16
2022-01-20	1200
2022-01-21	139
2022-01-22	7
2022-01-23	3
2022-01-24	11
2022-01-25	1
2022-01-26	2
2022-01-27	2
2022-01-28	1
2022-01-29	5
2022-01-30	2
2022-01-31	5
2022-02-01	4
2022-02-02	8
2022-02-03	44
2022-02-04	8
2022-02-05	7
2022-02-06	5
2022-02-07	3
2022-02-08	7
2022-02-09	2
2022-02-10	16
2022-02-11	4
2022-02-12	3
2022-02-13	46
2022-02-14	19
2022-02-15	8
2022-02-16	4
2022-02-17	7
2022-02-18	4
2022-02-19	7
2022-02-20	6
2022-02-21	3
2022-02-22	12
2022-02-23	2
2022-02-24	4
2022-02-25	1
2022-02-26	4
2022-02-27	3
2022-02-28	7
2022-03-01	6
2022-03-02	21
2022-03-03	4
2022-03-04	3
2022-03-05	2
2022-03-06	2
2022-03-07	4
2022-03-08	18
2022-03-09	2
2022-03-10	7
2022-03-11	6
2022-03-12	2
2022-03-13	27
2022-03-14	22
2022-03-15	4
2022-03-16	7
2022-03-17	15
2022-03-18	5
2022-03-19	2
2022-03-20	11
2022-03-21	7
2022-03-22	9
2022-03-23	6
2022-03-24	2
2022-03-25	206
2022-03-26	11
2022-03-27	5
2022-03-28	185
2022-03-29	3
2022-03-30	7
2022-03-31	5
2022-04-01	4
2022-04-02	10
2022-04-03	4
2022-04-04	7
2022-04-05	4
2022-04-06	20
2022-04-07	7
2022-04-08	24
2022-04-09	19
2022-04-10	10
2022-04-11	12
2022-04-12	14
2022-04-13	80
2022-04-14	11
2022-04-15	20
2022-04-16	26
2022-04-17	21
2022-04-18	29
2022-04-19	12
2022-04-20	20
2022-04-21	22
2022-04-22	17
2022-04-23	8
2022-04-24	20
2022-04-25	4
2022-04-26	12
2022-04-27	14
2022-04-28	34
2022-04-29	5
2022-04-30	5
2022-05-01	26
2022-05-02	22
2022-05-03	11
2022-05-04	28
2022-05-05	22
2022-05-06	27
2022-05-07	31
2022-05-08	24
2022-05-09	45
2022-05-10	63
2022-05-11	21
2022-05-12	32
2022-05-13	72
2022-05-14	20
2022-05-15	16
2022-05-16	20
2022-05-17	22
2022-05-18	24
2022-05-19	20
2022-05-20	20
2022-05-21	16
2022-05-22	18
2022-05-23	20
2022-05-24	27
2022-05-25	18
2022-05-26	20
2022-05-27	15
2022-05-28	5
2022-05-29	9
2022-05-30	3
2022-05-31	2
2022-06-01	6
2022-06-02	16
2022-06-03	8
2022-06-04	8
2022-06-05	18
2022-06-06	23
2022-06-07	12
2022-06-08	29
2022-06-09	5
2022-06-10	6
2022-06-11	6
2022-06-12	1
2022-06-13	49
2022-06-14	14
2022-06-15	1
2022-06-16	3
2022-06-17	2
2022-06-18	134
2022-06-19	1
2022-06-20	4
2022-06-21	7
2022-06-22	2
2022-06-23	5
2022-06-24	1
2022-06-25	1
2022-06-26	1
2022-06-27	8
2022-06-28	1
2022-06-29	4
2022-06-30	3
2022-07-01	1
2022-07-02	15
2022-07-03	3
2022-07-04	4
2022-07-05	2
2022-07-06	14
2022-07-07	146
2022-07-08	13
2022-07-09	12
2022-07-10	5
2022-07-11	19
2022-07-12	4
2022-07-13	4
2022-07-14	25
2022-07-15	6
2022-07-16	3
2022-07-17	14
2022-07-18	3
2022-07-19	7
2022-07-20	10
2022-07-21	2
2022-07-22	2
2022-07-23	2
2022-07-24	2
2022-07-25	5
2022-07-26	5
2022-07-27	3
2022-07-28	10
2022-07-29	1
2022-07-30	215
2022-07-31	278
2022-08-01	267
2022-08-02	250
2022-08-03	15
2022-08-04	22
2022-08-05	51
2022-08-06	2
2022-08-07	1
2022-08-08	8
2022-08-09	23
2022-08-10	3
2022-08-11	518
2022-08-12	2
2022-08-13	78
2022-08-14	39
2022-08-15	3
2022-08-16	3
2022-08-17	11
2022-08-18	10
2022-08-19	51
2022-08-20	4
2022-08-21	5
2022-08-22	22
2022-08-23	6
2022-08-24	18
2022-08-25	4
2022-08-26	18
2022-08-27	33
2022-08-28	19
2022-08-29	3
2022-08-30	37
2022-08-31	1
2022-09-01	2
2022-09-02	7
2022-09-03	2
2022-09-04	84
2022-09-05	11
2022-09-06	5
2022-09-07	5
2022-09-08	1
2022-09-09	1
2022-09-10	40
2022-09-11	17
2022-09-12	18
2022-09-13	42
2022-09-14	1
2022-09-15	2
2022-09-16	1
2022-09-17	9
2022-09-18	1
2022-09-19	30
2022-09-20	132
2022-09-21	9
2022-09-22	23
2022-09-23	10
2022-09-24	1
2022-09-25	1
2022-09-26	2
2022-09-27	13
2022-09-28	6
2022-09-29	16
2022-09-30	18
2022-10-01	12
2022-10-02	23
2022-10-03	38
2022-10-04	72
2022-10-05	50
2022-10-06	34
2022-10-07	50
2022-10-08	57
2022-10-09	50
2022-10-10	57
2022-10-11	55
2022-10-12	45
2022-10-13	174
2022-10-14	136
2022-10-15	143
2022-10-16	138
2022-10-17	166
2022-10-18	129
2022-10-19	118
2022-10-20	25
2022-10-21	35
2022-10-22	24
2022-10-23	71
2022-10-24	22
2022-10-25	28
2022-10-26	14
2022-10-27	17
2022-10-28	12
2022-10-29	20
2022-10-30	9
2022-10-31	8
2022-11-01	2
2022-11-02	6
2022-11-03	1
2022-11-04	14
2022-11-05	15
2022-11-06	7
2022-11-07	19
2022-11-08	11
2022-11-09	20
2022-11-10	20
2022-11-11	11
2022-11-12	5
2022-11-13	40
2022-11-14	34
2022-11-15	8
2022-11-16	156
2022-11-17	11
2022-11-18	64
2022-11-19	10
2022-11-20	14
2022-11-21	8
2022-11-22	22
2022-11-23	12
2022-11-24	10
2022-11-25	22
2022-11-26	10
2022-11-27	13
2022-11-28	27
2022-11-29	31
2022-11-30	24
2022-12-01	14
2022-12-02	152
2022-12-03	11
2022-12-04	11
2022-12-05	5
2022-12-06	8
2022-12-07	34
2022-12-08	18
2022-12-09	6
2022-12-10	13
2022-12-11	6
2022-12-12	14
2022-12-13	21
2022-12-14	24
2022-12-15	18
2022-12-16	12
2022-12-17	12
2022-12-18	59
2022-12-19	17
2022-12-20	13
2022-12-21	9
2022-12-22	4
2022-12-23	5
2022-12-24	14
2022-12-25	10
2022-12-26	27
2022-12-27	18
2022-12-28	18
2022-12-29	19
2022-12-30	19
2022-12-31	13
2023-01-01	24
2023-01-02	24
2023-01-03	12
2023-01-04	16
2023-01-05	36
2023-01-06	14
2023-01-07	24
2023-01-08	15
2023-01-09	17
2023-01-10	9
2023-01-11	9
2023-01-12	5
2023-01-13	16
2023-01-14	38
2023-01-15	26
2023-01-16	11
2023-01-17	179
2023-01-18	6
2023-01-19	16
2023-01-20	16
2023-01-21	20
2023-01-22	24
2023-01-23	26
2023-01-24	12
2023-01-25	4
2023-01-26	1
2023-01-27	2
2023-01-28	4
2023-01-29	1
2023-01-30	9
2023-01-31	20
2023-02-01	4
2023-02-02	9
2023-02-03	20
2023-02-04	10
2023-02-05	6
2023-02-06	31
2023-02-07	13
2023-02-08	16
2023-02-09	14
2023-02-10	15
2023-02-11	7
2023-02-12	17
2023-02-13	17
2023-02-14	6
2023-02-15	13
2023-02-16	16
2023-02-17	13
2023-02-18	7
2023-02-19	188
2023-02-20	15
2023-02-21	239
2023-02-22	228
2023-02-23	13
2023-02-24	21
2023-02-25	21
2023-02-26	13
2023-02-27	71
2023-02-28	20
2023-03-01	81
2023-03-02	21
2023-03-03	25
2023-03-04	72
2023-03-05	33
2023-03-06	33
2023-03-07	18
2023-03-08	25
2023-03-09	29
2023-03-10	122
2023-03-11	10
2023-03-12	32
2023-03-13	24
2023-03-14	15
2023-03-15	30
2023-03-16	22
2023-03-17	19
2023-03-18	21
2023-03-19	23
2023-03-20	16
2023-03-21	16
2023-03-22	24
2023-03-23	8
2023-03-24	8
2023-03-25	16
2023-03-26	169
2023-03-27	12
2023-03-28	16
2023-03-29	14
2023-03-30	19
2023-03-31	10
2023-04-01	11
2023-04-02	113
2023-04-03	18
2023-04-04	17
2023-04-05	10
2023-04-06	2
2023-04-07	5
2023-04-08	7
2023-04-09	126
2023-04-10	254
2023-04-11	320
2023-04-12	10
2023-04-13	46
2023-04-14	72
2023-04-15	15
2023-04-16	22
2023-04-17	13
2023-04-18	16
2023-04-19	203
2023-04-20	17
2023-04-21	25
2023-04-22	21
2023-04-23	18
2023-04-24	10
2023-04-25	18
2023-04-26	13
2023-04-27	18
2023-04-28	19
2023-04-29	261
2023-04-30	1
2023-05-01	12
2023-05-02	69
2023-05-03	11
2023-05-04	1900
2023-05-05	108
2023-05-06	18
2023-05-07	34
2023-05-08	691
2023-05-09	12
2023-05-10	23
2023-05-11	20
2023-05-12	16
2023-05-13	29
2023-05-14	47
2023-05-15	18
2023-05-16	201
2023-05-17	2
2023-05-18	7
2023-05-19	15
2023-05-20	3
2023-05-21	503
2023-05-22	11
2023-05-23	42
2023-05-24	12
2023-05-25	12
2023-05-26	13
2023-05-27	162
2023-05-28	505
2023-05-29	10
2023-05-30	23
2023-05-31	16
2023-06-01	16
2023-06-02	24
2023-06-03	22
2023-06-04	52
2023-06-05	120
2023-06-06	78
2023-06-07	75
2023-06-08	65
2023-06-09	39
2023-06-10	32
2023-06-11	46
2023-06-12	54
2023-06-13	34
2023-06-14	55
2023-06-15	18
2023-06-16	34
2023-06-17	23
2023-06-18	30
2023-06-19	13
2023-06-20	15
2023-06-21	19
2023-06-22	19
2023-06-23	1
2023-06-24	11
2023-06-25	19
2023-06-26	25
2023-06-27	26
2023-06-28	36
2023-06-29	19
2023-06-30	1059
2023-07-01	17
2023-07-02	25
2023-07-03	25
2023-07-04	27
2023-07-05	20
2023-07-06	24
2023-07-07	23
2023-07-08	11
2023-07-09	12
2023-07-10	14
2023-07-11	10
2023-07-12	18
2023-07-13	38
2023-07-14	37
2023-07-15	27
2023-07-16	33
2023-07-17	18
2023-07-18	12
2023-07-19	18
2023-07-20	12
2023-07-21	57
2023-07-22	10
2023-07-23	20
2023-07-24	20
2023-07-25	84
2023-07-26	16
2023-07-27	22
2023-07-28	13
2023-07-29	24
2023-07-30	7
2023-07-31	13
2023-08-01	14
2023-08-02	70
2023-08-03	15
2023-08-04	18
2023-08-05	18
2023-08-06	31
2023-08-07	65
2023-08-08	19
2023-08-09	9
2023-08-10	20
2023-08-11	17
2023-08-12	17
2023-08-13	45
2023-08-14	51
2023-08-15	15
2023-08-16	16
2023-08-17	14
2023-08-18	14
2023-08-19	6
2023-08-20	15
2023-08-21	11
2023-08-22	500
2023-08-23	21
2023-08-24	27
2023-08-25	215
2023-08-26	10
2023-08-27	214
2023-08-28	10
2023-08-29	24
2023-08-30	12
2023-08-31	25
2023-09-01	14
2023-09-02	52
2023-09-03	14
2023-09-04	24
2023-09-05	17
2023-09-06	8
2023-09-07	22
2023-09-08	6
2023-09-09	64
2023-09-10	23
2023-09-11	14
2023-09-12	10
2023-09-13	32
2023-09-14	12
2023-09-15	23
2023-09-16	10
2023-09-17	1536
2023-09-18	12
2023-09-19	127
2023-09-20	141
2023-09-21	13
2023-09-22	28
2023-09-23	22
2023-09-24	28
2023-09-25	43
2023-09-26	30
2023-09-27	20
2023-09-28	8
2023-09-29	3
2023-09-30	8
2023-10-01	13
2023-10-02	55
2023-10-03	151
2023-10-04	21
2023-10-05	11
2023-10-06	16
2023-10-07	17
2023-10-08	9
2023-10-09	20
2023-10-10	1233
2023-10-11	8
2023-10-12	13
2023-10-13	45
2023-10-14	60
2023-10-15	17
2023-10-16	20
2023-10-17	21
2023-10-18	10
2023-10-19	19
2023-10-20	51
2023-10-21	10
2023-10-22	13
2023-10-23	14
2023-10-24	25
2023-10-25	22
2023-10-26	18
2023-10-27	16
2023-10-28	28
2023-10-29	8
2023-10-30	12
2023-10-31	21
2023-11-01	9
2023-11-02	18
2023-11-03	25
2023-11-04	11
2023-11-05	4
2023-11-06	14
2023-11-07	21
2023-11-08	9
2023-11-09	21
2023-11-10	13
2023-11-11	15
2023-11-12	14
2023-11-13	83
2023-11-14	13
2023-11-15	19
2023-11-16	56
2023-11-17	23
2023-11-18	12
2023-11-19	17
2023-11-20	11
2023-11-21	12
2023-11-22	16
2023-11-23	13
2023-11-24	19
2023-11-25	22
2023-11-26	14
2023-11-27	4
2023-11-28	12
2023-11-29	8
2023-11-30	8
2023-12-01	23
2023-12-02	12
2023-12-03	38
2023-12-04	8
2023-12-05	254
2023-12-06	295
2023-12-07	148
2023-12-08	118
2023-12-09	13
2023-12-10	12
2023-12-11	28
2023-12-12	13
2023-12-13	110
2023-12-14	258
2023-12-15	169
2023-12-16	31
2023-12-17	13
2023-12-18	37
2023-12-19	91
2023-12-20	27
2023-12-21	18
2023-12-22	25
2023-12-23	15
2023-12-24	17
2023-12-25	16
2023-12-26	49
2023-12-27	494
2023-12-28	32
2023-12-29	31
2023-12-30	50
2023-12-31	111
2024-01-01	39
2024-01-02	94
2024-01-03	94
2024-01-04	36
2024-01-05	42
2024-01-06	24
2024-01-07	12
2024-01-08	11
2024-01-09	3
2024-01-10	105
2024-01-11	30
2024-01-12	15
2024-01-13	25
2024-01-14	58
2024-01-15	101
2024-01-16	18
2024-01-17	11
2024-01-18	21
2024-01-19	128
2024-01-20	889
2024-01-21	18
2024-01-22	15
2024-01-23	62
2024-01-24	17
2024-01-25	43
2024-01-26	20
2024-01-27	31
2024-01-28	35
2024-01-29	25
2024-01-30	67
2024-01-31	24
2024-02-01	22
2024-02-02	20
2024-02-03	19
2024-02-04	13
2024-02-05	13
2024-02-06	2
2024-02-07	3
2024-02-08	10
2024-02-09	14
2024-02-10	9
2024-02-11	4
2024-02-12	25
2024-02-13	42
2024-02-14	65
2024-02-15	10
2024-02-16	22
2024-02-17	15
2024-02-18	30
2024-02-19	13
2024-02-20	23
2024-02-21	15
2024-02-22	12
2024-02-23	10
2024-02-24	21
2024-02-25	15
2024-02-26	14
2024-02-27	35
2024-02-28	12
2024-02-29	9
2024-03-01	25
2024-03-02	52
2024-03-03	14
2024-03-04	20
2024-03-05	22
2024-03-06	16
2024-03-07	23
2024-03-08	21
2024-03-09	24
2024-03-10	15
2024-03-11	17
2024-03-12	12
2024-03-13	37
2024-03-14	74
2024-03-15	27
2024-03-16	19
2024-03-17	14
2024-03-18	50
2024-03-19	48
2024-03-20	32
2024-03-21	16
2024-03-22	23
2024-03-23	15
2024-03-24	20
2024-03-25	25
2024-03-26	1
2024-03-27	28
2024-03-28	1378
2024-03-29	20
2024-03-30	16
2024-03-31	9
2024-04-01	10
2024-04-02	19
2024-04-03	13
2024-04-04	25
2024-04-05	15
2024-04-06	225
2024-04-07	19
2024-04-08	9
2024-04-09	7
2024-04-10	13
2024-04-11	23
2024-04-12	14
2024-04-13	38
2024-04-14	23
2024-04-15	12
2024-04-16	14
2024-04-17	1
2024-04-18	5
2024-04-19	4
2024-04-20	1
2024-04-21	1
2024-04-22	20
2024-04-23	18
2024-04-24	18
2024-04-25	29
2024-04-26	15
2024-04-27	17
2024-04-28	25
2024-04-29	41
2024-04-30	15
2024-05-01	20
2024-05-02	23
2024-05-03	13
2024-05-04	23
2024-05-05	24
2024-05-06	19
2024-05-07	34
2024-05-08	12
2024-05-09	28
2024-05-10	11
2024-05-11	12
2024-05-12	16
2024-05-13	32
2024-05-14	196
2024-05-15	45
2024-05-16	24
2024-05-17	25
2024-05-18	18
2024-05-19	27
2024-05-20	17
2024-05-21	15
2024-05-22	42
2024-05-23	26
2024-05-24	21
2024-05-25	13
2024-05-26	48
2024-05-27	17
2024-05-28	9
2024-05-29	9
2024-05-30	19
2024-05-31	13
2024-06-01	14
2024-06-02	20
2024-06-03	12
2024-06-04	17
2024-06-05	17
2024-06-06	14
2024-06-07	21
2024-06-08	12
2024-06-09	9
2024-06-10	22
2024-06-11	11
2024-06-12	22
2024-06-13	16
2024-06-14	29
2024-06-15	10
2024-06-16	32
2024-06-17	12
2024-06-18	21
2024-06-19	12
2024-06-20	2
2024-06-21	1
2024-06-22	4
2024-06-23	5
2024-06-24	11
2024-06-25	26
2024-06-26	27
2024-06-27	27
2024-06-28	24
2024-06-29	31
2024-06-30	25
2024-07-01	39
2024-07-02	32
2024-07-03	28
2024-07-04	15
2024-07-05	18
2024-07-06	25
2024-07-07	15
2024-07-08	15
2024-07-09	10
2024-07-10	25
2024-07-11	26
2024-07-12	32
2024-07-13	74
2024-07-14	42
2024-07-15	25
2024-07-16	44
2024-07-17	26
2024-07-18	11
2024-07-19	17
2024-07-20	1
2024-07-21	5
2024-07-22	20
2024-07-23	10
2024-07-24	2
2024-07-25	30
2024-07-26	27
2024-07-27	41
2024-07-28	33
2024-07-29	24
2024-07-30	42
2024-07-31	19
2024-08-01	9
2024-08-02	12
2024-08-03	22
2024-08-04	21
2024-08-05	10
2024-08-06	37
2024-08-07	32
2024-08-08	139
2024-08-09	26
2024-08-10	16
2024-08-11	2
2024-08-12	10
2024-08-13	19
2024-08-14	61
2024-08-15	109
2024-08-16	71
2024-08-17	39
2024-08-18	52
2024-08-19	78
2024-08-20	36
2024-08-21	61
2024-08-22	79
2024-08-23	64
2024-08-24	64
2024-08-25	52
2024-08-26	30
2024-08-27	27
2024-08-28	44
2024-08-29	29
2024-08-30	17
2024-08-31	20
2024-09-01	9
2024-09-02	21
2024-09-03	61
2024-09-04	63
2024-09-05	70
2024-09-06	20
2024-09-07	13
2024-09-08	22
2024-09-09	32
2024-09-10	151
2024-09-11	11
2024-09-12	7
2024-09-13	121
2024-09-14	23
2024-09-15	75
2024-09-16	49
2024-09-17	27
2024-09-18	8
2024-09-19	17
2024-09-20	14
2024-09-21	3
2024-09-22	23
2024-09-23	16
2024-09-24	74
2024-09-25	128
2024-09-26	175
2024-09-27	316
2024-09-28	53
2024-09-29	36
2024-09-30	84
2024-10-01	25
2024-10-02	58
2024-10-03	76
2024-10-04	46
2024-10-05	63
2024-10-06	55
2024-10-07	209
2024-10-08	54
2024-10-09	26
2024-10-10	36
2024-10-11	23
2024-10-12	14
2024-10-13	47
2024-10-14	6
2024-10-15	92
2024-10-16	9
2024-10-17	25
2024-10-18	3
2024-10-19	22
2024-10-20	1
2024-10-21	2
2024-10-22	19
2024-10-23	8
2024-10-24	32
2024-10-25	2
2024-10-26	5
2024-10-27	27
2024-10-28	18
2024-10-29	3
2024-10-30	1
2024-10-31	9
2024-11-01	2
2024-11-02	20
2024-11-03	10
2024-11-04	5011
2024-11-05	284
2024-11-06	26
2024-11-07	23
2024-11-08	1850
2024-11-09	43
2024-11-10	4
2024-11-11	1
2024-11-12	499
2024-11-13	8
2024-11-14	2317
2024-11-15	26
2024-11-16	76
2024-11-17	49
2024-11-18	76
2024-11-19	93
2024-11-20	440
2024-11-21	57
2024-11-22	50
2024-11-23	162
2024-11-24	77
2024-11-25	114
2024-11-26	234
2024-11-27	99
2024-11-28	74
2024-11-29	2248
2024-11-30	25
2024-12-01	21
2024-12-02	81
2024-12-03	123
2024-12-04	24
2024-12-05	13
2024-12-06	3
2024-12-07	12
2024-12-08	26
2024-12-09	19
2024-12-10	48
2024-12-11	128
2024-12-12	124
2024-12-13	369
2024-12-14	48
2024-12-15	84
2024-12-16	22
2024-12-17	3
2024-12-18	13
2024-12-19	104
2024-12-20	4
2024-12-21	1
2024-12-22	1
2024-12-23	18
2024-12-24	4
2024-12-25	3
2024-12-26	73
2024-12-27	10
2024-12-28	5
2024-12-29	3
2024-12-30	5
2024-12-31	5
2025-01-01	1
2025-01-02	27
2025-01-03	9
2025-01-04	8
2025-01-05	30
2025-01-06	25
2025-01-07	6
2025-01-08	34
2025-01-09	2
2025-01-10	9
2025-01-11	7
2025-01-12	15
2025-01-13	26
2025-01-14	55
2025-01-15	22
2025-01-16	14
2025-01-17	19
2025-01-18	11
2025-01-19	10
2025-01-20	10
2025-01-21	9
2025-01-22	5
2025-01-23	16
2025-01-24	26
2025-01-25	3
2025-01-26	27
2025-01-27	24
2025-01-28	24
2025-01-29	43
2025-01-30	46
2025-01-31	36
2025-02-01	40
2025-02-02	22
2025-02-03	31
2025-02-04	46
2025-02-05	42
2025-02-06	26
2025-02-07	34
2025-02-08	22
2025-02-09	12
2025-02-10	23
2025-02-11	31
2025-02-12	21
2025-02-13	20
2025-02-14	56
2025-02-15	2
2025-02-16	1
2025-02-17	1
2025-02-22	1
2025-02-24	4
2025-02-25	3
2025-02-26	1
2025-02-27	1
2025-02-28	4
2025-03-01	3
2025-03-02	2
2025-03-03	10
2025-03-04	36
2025-03-05	5
2025-03-06	47
2025-03-07	12
2025-03-08	1
2025-03-09	2
2025-03-10	103
2025-03-11	1
2025-03-12	9
2025-03-13	34
2025-03-14	64
2025-03-15	49
2025-03-16	8
2025-03-17	3
2025-03-18	7
2025-03-19	62
2025-03-20	28
2025-03-21	19
2025-03-22	14
2025-03-23	1
2025-03-24	13
2025-03-25	18
2025-03-26	23
2025-03-27	23
2025-03-28	12
2025-03-29	2
2025-03-30	1
2025-03-31	137
2025-04-01	34
2025-04-02	13
2025-04-03	6
2025-04-04	7
2025-04-05	22
2025-04-06	29
2025-04-07	32
2025-04-08	28
2025-04-09	8
2025-04-10	29
2025-04-11	2
2025-04-12	1
2025-04-13	57
2025-04-14	142
2025-04-15	41
2025-04-16	54
2025-04-17	17
2025-04-18	20
2025-04-19	5
2025-04-20	25
2025-04-21	63
2025-04-22	62
2025-04-23	14
2025-04-24	11
2025-04-25	13
2025-04-26	2
2025-04-27	3
2025-04-28	14
2025-04-29	5
2025-04-30	1
2025-05-01	2
2025-05-02	2
2025-05-03	3
2025-05-04	17
2025-05-05	1
2025-05-06	4
2025-05-07	16
2025-05-08	30
2025-05-09	1
2025-05-10	6
2025-05-11	6
2025-05-12	19
2025-05-13	118
2025-05-14	66
2025-05-15	33
2025-05-16	34
2025-05-17	24
2025-05-18	37
2025-05-19	51
2025-05-20	42
2025-05-21	120
2025-05-22	112
2025-05-23	1
2025-05-24	1
2025-05-25	3
2025-05-26	3
2025-05-27	4
2025-05-28	17
2025-05-29	17
2025-05-30	49
2025-05-31	21
2025-06-01	33
2025-06-02	22
2025-06-03	14
2025-06-04	25
2025-06-05	97
2025-06-06	104
2025-06-07	112
2025-06-08	4
2025-06-09	364
2025-06-10	43
2025-06-11	130
2025-06-12	88
2025-06-13	66
2025-06-14	74
2025-06-15	155
2025-06-16	103
2025-06-17	57
2025-06-18	758
2025-06-19	403
2025-06-20	86
2025-06-21	34
2025-06-22	46
2025-06-23	48
2025-06-24	100
2025-06-25	499
2025-06-26	9120
2025-06-27	274
2025-06-28	173
2025-06-29	189
2025-06-30	67
2025-07-01	66
2025-07-02	59
2025-07-03	55
2025-07-04	76
2025-07-05	40
2025-07-06	59
2025-07-07	59
2025-07-08	61
2025-07-09	236
2025-07-10	61
2025-07-11	126
2025-07-12	132
2025-07-13	99
2025-07-14	104
2025-07-15	24
2025-07-16	107
2025-07-17	172
2025-07-18	147
2025-07-19	105
2025-07-20	155
2025-07-21	133
2025-07-22	119
2025-07-23	43
2025-07-24	166
2025-07-25	74
2025-07-26	113
2025-07-27	112
2025-07-28	146
2025-07-29	140
2025-07-30	84
2025-07-31	117
2025-08-01	26
2025-08-02	52
2025-08-03	6
2025-08-04	21
2025-08-05	42
2025-08-06	50
2025-08-07	79
2025-08-08	78
2025-08-09	56
2025-08-10	70
2025-08-11	68
2025-08-12	69
2025-08-13	61
2025-08-14	49
2025-08-15	86
2025-08-16	41
2025-08-17	36
2025-08-18	6
2025-08-19	72
2025-08-20	34
2025-08-21	25
2025-08-22	112
2025-08-23	29
2025-08-24	15
2025-08-25	142
2025-08-26	45
2025-08-27	70
2025-08-28	63
2025-08-29	48
2025-08-30	48
2025-08-31	28
2025-09-01	76
2025-09-02	19
2025-09-03	5
2025-09-04	14
2025-09-05	24
2025-09-06	21
2025-09-07	17
2025-09-08	12
2025-09-09	16
